wallet,tx_count,total_volume,avg_tx_value,active_days,protocols_used,chain
0x9585e75b56f9a98049405306c00ec427bb76e512,3473094,777000.214,0.223719892,84,6,polygon
0x2d3faeac23567d32b249b2325689f6f76dda4a28,94998,0,0,90,4,polygon
0xca1ef33a9522ef11265858592f0209b45473c846,57803,0.0001,1.73E-09,90,5,polygon
0x7f24c87276cc5c270efcd90cff8d18212d5558ed,2082,171.1000001,0.082180596,90,29,polygon
0xe076c678d6b8eef70cee55d07e7a11b2b0c21646,131,42.00004,0.320610992,88,11,polygon
0x9358823c60ba61c288ced9ec36e6a7b0d10f3d24,424,50.00001,0.117924552,89,16,polygon
0x6520fc9b0737a04bfd3db08c09f7f9c12fae5127,906,0,0,90,11,polygon
0x52a258ed593c793251a89bfd36cae158ee9fc4f8,33103,3319668.136,100.2829996,90,3067,polygon
0xf272fc093c35357fb7ce131c410fd43ed28e8e57,32598,1700,0.052150439,90,7304,polygon
0x4024aab4127c426608e976f64eff494a7f6bca20,4412,6328.617626,1.43441016,90,72,polygon
0xaf79f5e550d7417dc6dfeedbbc0503bc47388f02,64,0.344895573,0.005388993,2,3,polygon
0xbe4419435bda7a65c2b9d04cd209f7f7c60271fe,25,0.327558383,0.013102335,81,3,polygon
0xef9ce3bd723ba710c507559502799a4b8df4588b,132,102,0.772727273,90,10,polygon
0x106dfb0582989d99a195790effae65c949604bfb,2820,9.5,0.003368794,90,19,polygon
0x59eee9fe427f27b0f78a2289af661d8ddcdfb7e7,3720,2690,0.72311828,90,2,polygon
0x8b55c4a44d8ff06a5abf08df53c5a7e23deb83dd,494,33,0.066801619,89,12,polygon
0xaaa110c915de92f693319cb6703d601ca95cc003,5152,473.5377675,0.091913387,90,7,polygon
0x88888432d14c84eefc617b009400adf5144cd8e5,1257,98.25765642,0.078168382,43,4,polygon
0x144b2eacd51e5f38fb359f35f2149235f851b00d,1024,30,0.029296875,90,7,polygon
0xfd552dc0b735b9463c5aea9dd7070aba1fe3b640,536,15.92897394,0.029718235,38,2,polygon
0x4a108110017054424060e540376994da3224fcbd,837,50.0000402,0.059737205,88,32,polygon
0x504c5837d7bca6eadaedfb7a34eb2b5d987c5b75,18,1.00E-09,5.56E-11,53,5,polygon
0x0ae94f9048c7c8dbf4ca26fa12b32334ec972360,16,0,0,90,4,polygon
0x5078c673bb9c9975d7fc0a6ccc6273c6d8d6dd45,41,304.1496492,7.418284126,35,8,polygon
0x1f8b6d3b8f8030969f326ed18737412197132fcb,43,1.05,0.024418605,19,2,polygon
0xec3dc7c3b08e002e626eb3ce396075e638624e47,19,0.077556776,0.004081936,55,2,polygon
0xd6ee4cc4bb0e1ebb06f95e2751bf53f3995b4efb,785,32.00002,0.040764357,89,17,polygon
0xbedf6f8b5868b007df637deec019697ca6118447,2755,179.5803841,0.065183443,19,13,polygon
0xd59e40516ebff5224affe608afaf1070a697180f,107,20,0.186915888,69,11,polygon
0x865573641729855f96ab3cdc6d7f77f456e1e799,128,40.11338925,0.313385854,86,13,polygon
0x763cb42fdd2909253eb20ca1429fea4e996e37e3,536,90.5000001,0.168843284,90,19,polygon
0xe3c01673d7b8dba61df619eb3191b18da86901f0,866,143.00003,0.165127055,90,25,polygon
0x2c17090e4383aea662bff3d6bcbbb629e2d203f0,108,1.455780003,0.013479444,89,4,polygon
0x8a2c696032397b5ab34dcb6bc8c9287a5fc07e5a,178,2.86954798,0.016121056,3,6,polygon
0xe6fba0931e6d557303572bf4fd453c2e114f9464,6790,0,0,90,4,polygon
0x66591b87bb54af74b2648596b0d00a5352370f3e,239,50,0.209205021,84,15,polygon
0xe1a24764e3772f4aca0c27fbed2899de191e3c9e,590,0,0,19,1,polygon
0x17b3fb707f0e718f28b314fccff7e35af9722c58,46,27.00007,0.586958043,89,13,polygon
0xd52c06be0317b01d6bc8dada02bfe911e145eb15,4407,0,0,90,1,polygon
0xaaaf0666a916bdf97710a8e44e42ba250490e5b8,1145,0,0,90,254,polygon
0xd8fcefd0f93106eea2b7510b875bb633f1d81fef,65,32.3410079,0.497553968,88,2,polygon
0x4f05dde4ecf0f83f3cb2bcf9da557e52d5f341d1,77,0.6,0.007792208,73,2,polygon
0xf2fc373419caab4c3c47caffddce22a4a698d726,652,62.50005028,0.095858973,90,49,polygon
0x576b7b5f6f4ba99314f281f1bf23b63e30dbc3b5,3499,319,0.091168905,90,24,polygon
0xaaa2222428309dd1681c7be006eb3b1eaffed864,30312,1640.203544,0.0541107,90,8,polygon
0xbe22051e576c0731333c8880328def9029e784ff,263,29.00002,0.110266236,87,12,polygon
0x4d95ffe59f3443bd3c334b5526a7c48cd35b710d,1341,163.00003,0.121551104,90,19,polygon
0xfc26f0fa511f3abc987a7dbc87d0f7675e8c6282,504,278,0.551587302,89,13,polygon
0x4244f0e1c0731d6fdbff84daa796e6f22d74c9fa,1794,259.3285511,0.144553261,90,43,polygon
0x203bd9b0d2b006df31df8560174d55d3b490e36b,257,30.37405908,0.118187,82,6,polygon
0xe268835240a76dfed27b437abb30f563361bd5b2,1227,54.8000101,0.044661785,90,23,polygon
0x73cf7dd8a1aacdb3620afe28a0ef814d9dded32c,1088,691.00003,0.635110322,89,23,polygon
0xad95d9a4e8e59a26b58eeb7522263fe6625a595a,29,3,0.103448276,66,8,polygon
0x81e3add2b2b6ee38558c8c5a347d4f79e7aeb98e,65835,0,0,75,4,polygon
0xe890b2b3996007e56121e883bf7a51d4f729a0d0,183,46.00005,0.251366393,87,11,polygon
0xa3982789cf6c0607f67f1f711f109d696aa636c7,31,0.520246828,0.016782156,87,7,polygon
0x01f1891f189b5ce5d5cffa0077eb0bb9c0e1e131,18,0,0,60,6,polygon
0x4525d2a1239e9ef9b9496c4942ed93fc3c40b3bf,390,60.00005,0.153846282,90,13,polygon
0xebb4e4f1966f35cd7920497bd4f43786f7fa864b,97,5.00001,0.051546495,76,15,polygon
0xe0e276ca5a493ea8d537a014cbb45de1b544c53a,156,17.23600701,0.110487224,5,6,polygon
0x8ac94d7068cd77483e6de2b9ad2bbc8cb0537eb2,21,0,0,89,6,polygon
0xa45bfa9b7d142d1aef5dab00772e430a4d185647,136,0,0,7,1,polygon
0xddf5ce9198ae2e57534e2aa20df8ed2ef9f10947,24,0.900000001,0.0375,85,3,polygon
0x9b4c6574785b2136021fbdfc18104625bae6e1ab,120,124,1.033333333,79,13,polygon
0xe7dbfd994dbb0585f838d8985cff25eb98cfd1ae,692,23.74300713,0.034310704,2,3,polygon
0xc36d9bf861506fa3aa922e142396fd7bcbc6b6fa,172,64.82210988,0.376872732,1,2,polygon
0x7c91c4a82f5c2b944b365b573179a9b0537eb35d,1559,150763.6223,96.7053382,71,348,polygon
0xcf862851cb0009a6245cbb0041657686893301ae,2296,884.4840056,0.385228225,90,1922,polygon
0xdbcdeb320f470d36803625256bc18a36947fcb0c,60,1.078308219,0.017971804,79,7,polygon
0x573f62492ca6fa364e104fa08b3966109382a085,243,42060.82311,173.089807,90,19,polygon
0x0fb14572fe1b43e275eee0b7ba8389033263efbf,197,28.00003,0.142132132,80,18,polygon
0x73c2755155afd141063c893c19f6b89ff659472c,7,4.00E-18,1.00E-18,2,2,polygon
0x26a293d8490355331f43bf926009e8c2c05ce7ee,1450,531.0000501,0.366206931,90,65,polygon
0x469bd984648e398807370495ada7f7b12b36ebd7,10,5.00E-18,1.00E-18,5,3,polygon
0x8f16ad466855e55721a0ca2ea236395034ae70ca,121,39.00000002,0.32231405,85,18,polygon
0xe141db473c6788f3f422bb71ebccb8abf6cf3df6,312,37.800103,0.121154176,88,22,polygon
0x7597fd42f2c33a5eccb353df0dccb88e09eadee9,12,1.10001,0.0916675,65,3,polygon
0x16e3f62d9c9d517af560bc2b16d0144c55e108aa,3772,200,0.053022269,90,3,polygon
0xd9e4e5ca2df5fbc3afedd1de0b60117ee4f30eb1,62,155,2.5,21,4,polygon
0x54e3167637136992917a228d235e1c54ad66027b,108,23.0000301,0.212963242,58,15,polygon
0x8258d0a020f7ac21edffa0924e904422b28fbda9,127,0,0,89,5,polygon
0x1ab3d06cc028c0609c461f62d08c5f8479a5442a,157,1.00E-08,6.37E-11,90,13,polygon
0xefb1dcd877514d3f03595fef157039727b688718,655,114.567018,0.174911478,80,25,polygon
0x4362921088b307934b079d8a699f89aa8dfb7af5,547,32.00005,0.058501005,89,14,polygon
0x1ce2dd13599170e8f1bb1576d106900bd707eef3,172,37.5,0.218023256,86,32,polygon
0x2f2f7d4f517fb28b3947e3cd7b125d0d781ae536,794,75.5000201,0.095088187,90,21,polygon
0xcb142fe3bcae16bee2c45e4685d1a623bfadafc0,111,1,0.009009009,83,10,polygon
0x9cd55a982074574e85f1d2cf09e27ff0274b30f3,1286,91.0000001,0.070762053,89,12,polygon
0xfcfb8f06738000beff31af70e48de654229eaf74,12,7.572688473,0.631057373,31,3,polygon
0x54ba48b8defe672fba01b83b0ace39904bbc0b14,11,0.2,0.018181818,64,4,polygon
0x3a44932bdeb62c95765039e042aa86c7bdb798ac,375,66,0.176,88,20,polygon
0xda9c48e7b3a6cf27805091c0f2beadc5fe968e03,416,53,0.127403846,81,12,polygon
0xa2a2beb2df883b035f80536b3cbe9ddcd283d2d1,92,3086.32898,33.54705413,90,13,polygon
0x66325ed4ca512051a61595730f63798e64cb2945,80,9.00002,0.11250025,77,17,polygon
0xecacd2589904c3db8ab91e6f77fd65f934b6e80e,391,17.7163563,0.045310374,38,2,polygon
0xba710bc7cbdeffd7d0f5d010fe3177816ed45720,432,15.66341357,0.036257902,80,5,polygon
0x46ba35493ac9e3fdfea79eb446c4e7377766d1ec,67,0,0,69,2,polygon
0xe2227ba48e3828a396ea80805a861ab83ad12e2b,685,243.99166,0.356192204,90,21,polygon
0x1a1be5ef5ef5b34ef822ba96bf74a54b6f3567c3,427,4.600874075,0.010774881,89,2,polygon
0x00fc51cd529c3e00fbb1ad339a0ee33af18d6201,151,0,0,90,1,polygon
0xff3d19b1d31489087f4f58bcababe0a60a0dd55d,575,8.00001,0.013913061,83,13,polygon
0xb65dbeeda4bc9c4b32185dfd0ce2af84f05fccec,160,93.00001,0.581250063,85,31,polygon
0x858d83be5baa936095da7f8b2d7530146f7d6d03,605,265.00002,0.438016562,89,24,polygon
0xcb0488dc7ab599debedc9a634cfccd30358a104f,3644,1175.000038,0.32244787,90,3,polygon
0x3a371f380e8fc251b04182fa9a7d15c4cb957eea,227,15,0.066079295,86,12,polygon
0xd137db24fccbf259edeb1d5a2310b9afdcf66d41,86,3,0.034883721,86,6,polygon
0xbad6d0915da70bb6bc92db8f20869016cce59b52,1171,0,0,90,2,polygon
0xaf4facee926ebdacc9eefe9524af79fd7ae4934f,536,18.79534578,0.035065944,38,2,polygon
0x060750450f2e9c3d5fb7caf9d79863c82a8f1e3a,304,29.71,0.097730263,61,6,polygon
0x101357644defaf57da99161db3c6a17b37acd453,139,34.8,0.250359712,88,14,polygon
0x0aab628c776476e26a94a579d43fd766023b27a0,105,0,0,77,8,polygon
0x5c3776d9f6b1a48ce4a77f5510309e58f36f5cb7,84,32.43024562,0.386074353,86,12,polygon
0xbb60b81cd8a1a7171e2ce4a1605d107c19b05d20,825,168.0000501,0.203636424,90,25,polygon
0x3cc4e7c5d42744af8327674e2c73957dfb6d00f1,675,252.40001,0.373925941,89,42,polygon
0x2c008091784ffd9e5dd90a710ef0d7fa48378c46,6,3.00E-18,1.00E-18,2,2,polygon
0x661d6d8625217246bce91872d98ac944be5c36e5,568,20.6,0.036267606,89,19,polygon
0xa19e0b6e0543e71e3b5b9ea5ca8f04289ff6fb10,180,20.00000001,0.111111111,88,7,polygon
0xd145c000d3824a1676c8c668ac21347f906fee06,7,0,0,87,1,polygon
0x20baadd4fdefb7d7fa3fd41f0ae8bf8a31a438ed,67,0,0,85,8,polygon
0x28da96bc739a2b675305afe62f2c4e69152aa23b,64,1.2,0.01875,89,2,polygon
0x459924529713e8d3345677388ad916da6f74b637,42,0.6,0.014285714,89,2,polygon
0x382954b5c1159cb36960bdffe61356584cfae2c1,19,5.5,0.289473684,64,7,polygon
0xe5ebed77fe0dd7da87e04d7f4f4c28fbef472403,64,1.2,0.01875,89,2,polygon
0xaf55b3d0e146369c0070e167b2bbe9b6d992e843,51,0.6,0.011764706,89,2,polygon
0x44d12043f4c581a3f151e661563fd2e322c7c93c,15,3,0.2,4,4,polygon
0xc6a43c701a35d746a13aaee35bbe200b4cb215dd,1039,109.50007,0.105389865,89,16,polygon
0x4672fba36dba7fde33b84b0158da39ce8bc618a5,313,32,0.102236422,89,14,polygon
0xc4eb0c6e052839ea13427873961d25790dc67458,1450,96,0.066206897,90,32,polygon
0xbff48bc566d29e190fe1c7937fffd21b72bab733,33,4.00001,0.121212424,65,9,polygon
0xbb3afcf27b101610f0e28e7d883c0b9a43f48427,687,3555.483666,5.175376516,89,26,polygon
0x5ac337bb14da6df3f8fd850ba5d6dd8bc379c664,1053,35,0.033238367,90,7,polygon
0xd5ac1406b2fc661f292844d434c7dce45c3ef775,539,18.73720022,0.034762895,38,2,polygon
0xfce1112252e05c672ce5bb724a0435789b04567b,853,85.07593357,0.09973732,90,5,polygon
0x152a454e213427548cd5c4ae0feb6921a4920da3,934,5,0.005353319,89,7,polygon
0x7e83321e97cb26367788ed8caabdbe1fe58e98d6,989,30,0.03033367,90,7,polygon
0x181e6ca591f046d56214a209c0eecf900828ce65,834,0,0,90,18,polygon
0x9209a2e283990a6142e729c2104ddc014f85c825,840,0,0,90,18,polygon
0x0b5b6b9f3cb3872ff06477e25785391d8206ff9c,683,0,0,90,18,polygon
0x94e6fdf8c924328a20877c09ce9ffaa51de675b5,942,0,0,90,18,polygon
0x2c88bb1ce2877cc441c358bfae8271c52aee841d,30,0.336224782,0.011207493,74,9,polygon
0x9ed509d13e654daf33b54d90ceb64d8872628bfc,17,0.165819342,0.009754079,49,6,polygon
0xdfa93f83fd340a850bb7fccac12c0218bb1b97c0,166,312.0000103,1.879518134,89,36,polygon
0x1beb32957e59bf8947e97c03443eed8e66159139,189,20,0.105820106,81,14,polygon
0x082ab8a3b2ac39ca55554c65cdca83c6cf606188,3335,135,0.04047976,90,16,polygon
0x79773cf5dad085d491261105f5b05874a043daba,85,0.53589392,0.006304634,75,13,polygon
0xa80aee6d68ed02b6f3664809a74e7fbced6f58dc,39,61,1.564102564,70,7,polygon
0x2a6167ffd1acae1c5f5c71218cddb2dfff21d375,655,7.47136505,0.011406664,90,2,polygon
0xfaf7f3366ec5e2c43d23e51ad48188ccbefc55f2,490,41.47296595,0.084638706,88,25,polygon
0x508ab56438fdbc8965c8d6f6f9b93bb893fa0015,76,2.00E-09,2.63E-11,86,8,polygon
0xcfb21509a05e5fc6dd18b97d4153ed0e868d580f,7,6.5263,0.932328571,2,4,polygon
0x5ca3cd66fb7ec87aac25f2757f01e45bf338799b,403,138.0082204,0.34245216,85,51,polygon
0x75dafdfe3f82d71ad54a65e81dc6bab7bb4e037d,288,5.612751982,0.019488722,50,21,polygon
0x6ec54e35e86d6ba893862ed6e9dadf01166bfc2c,265,24.0001,0.090566415,86,19,polygon
0xc7734b7c63b2adf08c551a1aeeb618cdc021eef4,226,56,0.247787611,88,13,polygon
0x3d1d64e233727b1097b3629f60d24b00d663689c,450,10.00002,0.022222267,90,15,polygon
0xcb4820d64177b22d8039659049eb0e833cc2b0f3,75,20.00001,0.2666668,79,9,polygon
0x2630e176370d56eb0c550f52b0c9f0f32fe01c7b,390,16,0.041025641,89,11,polygon
0x5999333a975c898c28f7a8f648a9e73e3273ac50,1300,22.8095776,0.017545829,90,45,polygon
0x025fb2849578810f2c6904563fa2e8413ff675e7,1319,138.00001,0.104624723,90,17,polygon
0xd2bad44dd07e4042b9c3b547677c24207764161b,667,124.500042,0.186656735,88,22,polygon
0x72bc580b3278e4a43ed74e2a83494439111efe66,9,2.00E-16,2.20E-17,6,2,polygon
0xbecae67d875a24c62367f44cc54a0e02d91867e2,1375,95.00008,0.069090967,90,26,polygon
0xd8f46c4e9b7f3f4f6b1a22468fa259425512a6c8,616,149.00014,0.241883344,90,19,polygon
0x8bd40097f0af516a0a2b07e5b3b96e0c6125ae6d,398,47.81386582,0.120135341,88,13,polygon
0xac255ba38f8bd49f015176d3b19a363438ad4cf7,742,0,0,88,11,polygon
0x6d81813edfb6e34d90eccd411ec692077eb3f904,232,50.4,0.217241379,81,10,polygon
0xc30e0dedfe1c4baf230a3ceef06e963700197c13,720,0,0,90,18,polygon
0xffff1a2c94074574d0543f9c822eecec79d8f64e,5106,1.19E-13,2.30E-17,90,2,polygon
0x5b63edad4ce3cdeca167ca84ca834758faf2e1a8,806,170.00001,0.210918127,89,22,polygon
0xce19cfa89f36fc757e1aa3a75ca99e6cfde47bce,324,932,2.87654321,88,95,polygon
0x4db0a33001eff0b1a551fb7209dcced3145eebec,825,4.10E-08,4.97E-11,90,15,polygon
0x3bf91c071a8ddcb45d913551d3a9cabb6ada0cb5,905,160.00001,0.176795591,90,16,polygon
0x4d24bcb8260683262cbe2923fe80f0e55c6d78d2,157,30,0.191082803,87,11,polygon
0x7bb749055c92bcdada0c63639dcebb11c90e851d,9,0,0,70,4,polygon
0xe15dcf89656c4a50a7d62b6d66fe0d2daaaf6b82,1827,3.65E-15,2.00E-18,90,1,polygon
0xf4e3f8ef7925e55b3e2d730500ee215c0c2e0234,1596,0,0,90,1,polygon
0xa381182aa820d6af47fd0cf8c01863c0a5dbb6c8,320,10.00005,0.031250156,90,15,polygon
0x8cda8897c58b6860c241fb10d192f6da8f62b617,49,0,0,32,1,polygon
0x7ecdb5b862cca160426ad2d3952a2dc9a79a75cd,51,0.46806966,0.009177836,67,2,polygon
0x44f40559117a3bab3ca3fa21166fe44e318b5a92,167,5,0.02994012,87,10,polygon
0x181bc25d092d129fa1c4ce840c01a30fb9d21ace,43,4,0.093023256,80,10,polygon
0x6a6eb2e79124df0f47e7b059d577ca7982dc8cad,11,1.400000001,0.127272727,17,6,polygon
0x3ee758d737f8f71121d08d9cccd32af906100d03,22,1.0000001,0.04545455,86,7,polygon
0xeb3a2a54e100c02da5b8ccce74a86b7d70f63d64,87,0,0,80,8,polygon
0xffff28414936e4cc4b6f129b5418621dc182d82f,5128,1.21E-13,2.40E-17,90,2,polygon
0xf12e28374bf2eb4d359ae4a2d67f8dc34e0dd6f7,652,0,0,90,8,polygon
0x0b9a31228444bf8bbcc60cfa9323e746ddc0e15c,410,363.000018,0.885365898,89,18,polygon
0xa75dee364f7b524fb8a0ff36712f1b2a88e51fca,82,8.20E-17,1.00E-18,82,1,polygon
0x1ea8c3b93fe74c944cdf25897cc0ac43f15e064e,1691,133.50008,0.078947416,90,24,polygon
0x8cf7f2f46cfe648b0173123bf6a9e307d388517d,865,167.00003,0.193063619,88,22,polygon
0x65bc0eb2a9e01a0a0f210b0b8d7b1f52bc3909db,190,15,0.078947368,77,13,polygon
0x690447eebac415208196242ad43f96e77c407563,184,10,0.054347826,88,14,polygon
0x970bfd91900a4530a5d6551746240e1691114068,1046,244.30003,0.233556434,90,51,polygon
0x62779d7a9be56a7046e56c11637f03ee7fdd2f07,72,32824.98993,455.9026379,63,22,polygon
0xaa251aaaab9cae223d6e92b52690cfdb84817888,942,250.00002,0.265392803,89,9,polygon
0xabb8e466a88bd87b5e1ff85991e37d85391662b3,41,0,0,87,3,polygon
0x6e732ae10e74cc1154555fa6266505890917078e,100,27.30583742,0.273058374,60,16,polygon
0x1169938463c26ed2567a0354532c29ee46e008b1,668,55,0.082335329,90,12,polygon
0x05c4043ef2fab1b675144e517cdba6c0dbb72fbd,277,26.75530071,0.096589533,64,18,polygon
0xce96cec15ac0128f1965c6f0dd4cc6520158084d,181,1.936128213,0.010696841,45,2,polygon
0x6d9e18e769c8c4460679b76ba833267bc89f132b,543,18.36100479,0.033814005,38,2,polygon
0x395d8947043bfacb4e9266a4ef04392715fa50cd,70,28.5000102,0.407143003,52,21,polygon
0xc8c9236b0dd11b9eab0ab68cd5be44f3e585f640,954,45.792,0.048,90,601,polygon
0x4d4cefa3114039fe153c952fbde488be4340bd10,204,2.03297777,0.009965577,49,3,polygon
0x23e14d6681c4a58f8624d6832722fb0f27739c34,289,77.00004,0.266436125,88,16,polygon
0xbd495bdf69252d1d955b4ff6e9df3c208b389e11,6,3.00E-18,1.00E-18,2,2,polygon
0x2116fbdeaaa9af8287f7fbbec3c4d9d241f4fb96,68,11.60002,0.170588529,65,11,polygon
0x68bc5124056e1c15b3599a0ab1c45e9b0ac9b301,592,26.0000001,0.043918919,88,18,polygon
0xea57c2d3b2636e54fe2bc8ebb2ce30069b78aa69,494,5.678112815,0.011494155,90,2,polygon
0xb81ea468c7067538430c3d5c59caad392662dd39,59,21,0.355932203,56,9,polygon
0xbf6ef60466ab72849be6c687ff141f2ccf7f9e27,276,35.0000001,0.126811595,90,18,polygon
0xfc1c47e00076064dbb4f33c9a250ad993ab0be8e,1594,0,0,90,1,polygon
0x4c0fe466dfab680056671d26f74cc2d1ac91889f,8,0,0,70,1,polygon
0xb4d8e1597ebe5dc5eff2b0397c5b05e478107c0e,1580,0,0,90,1,polygon
0x394a5407c81e5a56b267bb1b3103d3709fc87608,293,34.000018,0.116041017,85,15,polygon
0xed9de9d01b0cf7055342052b8c6edfe88ec2dc0e,850,21.0000151,0.0247059,90,15,polygon
0x0bdbf634381b383996d277aca80a09a08b0b76f3,27,0,0,55,8,polygon
0x1d6807c20da088ad73a2bdbc372901a10517955f,215,73.00001,0.33953493,87,14,polygon
0x5047fa6666115848182c419c0a9ac72817ce1354,152,85.20006,0.560526711,88,19,polygon
0x25ff0bf75c4a289d489c41f3551cf0160b338b8b,12,2.455137713,0.204594809,11,5,polygon
0x4d6bf3ac03b6aaa15700c5b718f040256ddd20b2,6,3.00E-18,1.00E-18,2,2,polygon
0xc877e52ad77108446bf5c1da358494a244b267f2,15,25.76455827,1.717637218,87,4,polygon
0xff1e78ce99f036cd4f97f245612bf51eb0570c69,704,102.00003,0.144886406,90,29,polygon
0x050d164ec344c57b7e6f487be16a3a2e7c19273d,1695,3835.499366,2.262831484,90,94,polygon
0x8abe586e96745d4aca358bae11e71f5a59434f47,116,0,0,90,1,polygon
0xc850303f7c84b1c6e710a350c6a4721434b6595f,38,0,0,79,10,polygon
0xbb9f2785e7d01d03ad7aa3de2b6d51fcecfa5669,370,0,0,90,10,polygon
0x3b67cefb5e507688f94e03d1213a9bd2c45fb3c8,77,2.000010004,0.025974156,84,11,polygon
0xa2e33f2c0aa153fe16c91311d4e4679807cf4e84,7,0,0,58,1,polygon
0x075de5cfed7ae019c5536ddbae6d7219c8f9f3de,382,89.00005,0.232984424,89,23,polygon
0xc720b3396c11932f73593aabea2e696cf5e4a984,1316,118.4012494,0.089970554,90,18,polygon
0xfdb56e18b84626dc643e11bc3e40ad7b6b9880b5,420,20.59675897,0.049039902,21,4,polygon
0x04b0c8e402226f73a83cef072122f6132e9c116a,272,28.00001,0.102941213,90,26,polygon
0x8d983112e5e6e9dc5027c03f2ceed5582b086345,2055,202.0000204,0.098296847,90,40,polygon
0x1e7bd815c1392a2237eaee30590c33c86147696d,142,5.0000501,0.03521162,79,14,polygon
0x74af454b2477c725feacc26d5b066e06bafc5bbd,1069,0.01069,0.00001,90,1,polygon
0xb0b8214ea0a74109b07b637ad28ee65fd4e9e728,19,0.271355546,0.014281871,90,2,polygon
0xe18bfcf80b191a89a884b33a0fd2a9337eadc43e,1142,320.500119,0.28064809,90,22,polygon
0x1f98975a89af68e0411999f191f1b9e744bc1162,12,5.883781776,0.490315148,29,3,polygon
0xe82fc37b048474aac720bbef6461432e1a365e61,295,10.00002,0.033898373,90,17,polygon
0xc91412245ebb83150fe23b6b97e1e5683caae2a0,180,2.113546583,0.011741925,28,2,polygon
0x675858807cfd18e148a67f4adf28fee265f93af1,404,88.99037914,0.220273216,89,23,polygon
0xc0a0a1cc5901e7577d01e4be769d017f639529a4,31,0,0,88,4,polygon
0xeedb3b135aaf23f765104e889a06adbe7fa6daec,770,77,0.1,90,13,polygon
0x8e5bf0358b33626c99fa44bd141d98f5fe441436,5413,483.50001,0.089322004,90,27,polygon
0xddc5c584430f923d2e3ceb38866fd8a0725fe87c,667,220.00001,0.329835097,89,17,polygon
0x2e16bb46343ea2ee04905fdde313d66b4f364bda,839,477.5992538,0.569248217,89,196,polygon
0x0d4cfe21e9c07e8b7c14760d8410abd13c15b967,2416,259.3328429,0.107339753,90,21,polygon
0xf1642d37e5f9788c43afa9add3c680f3882e63f5,1391,375.00011,0.269590302,90,28,polygon
0x48dbf18c5c2c433bd9a3593a5f931d4da2ef8645,1612,11729.57581,7.276411794,28,7,polygon
0x2ce7ef768e80660b5dcb8c711ca4318ac7ff0e51,541,44,0.081330869,89,12,polygon
0xffe5b3ecb64887f0d4464f6383622be7183a9189,1987,2718.178374,1.367981064,90,300,polygon
0x721c71bb0137e848a494393cccbb1d8ec16bb15f,685,2089,3.049635037,89,15,polygon
0x3dc3f38a7823346ea6708c74e0adc47b9196462d,1483,62.0000001,0.041807148,90,17,polygon
0xb528844f1ab85a7e5c031f2479328d20f684cf59,560,176.8578143,0.315817526,90,521,polygon
0xb41eea1fd2ca3827d85e2c91400bfd875c7d4e1c,3410123,762000,0.223452351,84,4,polygon
0x64131b60502c01362639cc5cfe1a1efb6be1165a,3390416,350000.3962,0.103232287,90,261181,polygon
0x4337019d937ebcbd73dd750072d86c1ce664b350,48914,313.4754018,0.006408705,90,5,polygon
0xc4df1c9bfbea5ed330ad46da02a92ad369fbecd8,4923,579.9538389,0.117804964,90,7,polygon
0xe1df65b05b796ea02637b49efc66c158a65667bf,7070,397.7415231,0.056257641,78,378,polygon
0x95a90790048d7c0d835f54ddfeb61b461baf91bc,62,2160.488917,34.84659544,66,12,polygon
0x31c339dd7e2423ca58283a272c793a5ead9ea73a,265,1882.32953,7.103130302,89,119,polygon
0x99fbba7fe6a326d8f18a9705bee4f5d1b135acb0,543,50.00000001,0.092081031,90,18,polygon
0x0b996b8c217f8fd087b8c1e6231ac99f43cd2115,11931,1122,0.094040734,90,14,polygon
0x8685df0547d7e9e2b433b9854a58d911172f7c32,1070,188.338488,0.176017278,44,7,polygon
0x3013e90dff4903f33c6ddd054c2bdc563ff31a7a,870,14.0000202,0.016091977,90,19,polygon
0x66ef5728f5a26c8df12168a114c09a64e5bb5461,1238,588650.3203,475.4849114,90,321,polygon
0xb85052dd56f3372921fb745ffb7995dc1009a10b,71,12,0.169014085,89,12,polygon
0x7c118ce1eea601794a3d0268d1aa16f40dbafea5,1225,175,0.142857143,90,16,polygon
0xba2ac6e15b917d7642574d867590b86f234512ca,30,1,0.033333333,85,5,polygon
0xf83b9584babb6b09ccd5c9e081ddc9146b5d2ef3,751,397.0000101,0.528628509,90,72,polygon
0xd89dce494d2ed20d881c252005b43a6905e673e1,14945,4738,0.317029107,66,401,polygon
0xa0986130420905b407f90dcaa3bcf5c04bb2e487,165,50.00004,0.303030545,89,14,polygon
0x156170827c3b2236faee0cb52cfacfdfc5b2726f,756,220,0.291005291,41,3,polygon
0x2924e4c97ea4537c7427c27e264b05f77555315d,391,154.00002,0.393861944,89,16,polygon
0xd0d05ff286dbefda7e4d5b582812a28d8157bbe0,919,38.1590227,0.041522332,17,3,polygon
0x6fa67393be5d9a5b6b3570646ef238bb52795350,9524,2683.596147,0.28177196,90,1070,polygon
0xe87edecbe2765a96cd9b8248da36d605bfc10a3f,220,13,0.059090909,89,9,polygon
0x2a6e662000100a16cfaca864075851ddacc85cc3,148,388,2.621621622,71,60,polygon
0x6a85acd6dc45bdcff7eafec117851cc99bce1016,294,50,0.170068027,90,12,polygon
0x44e9cfe0c4491abded35c1e1c42a6ba8ba14a0f4,1123,8.958618224,0.007977398,90,23,polygon
0x5fe43c39f293fe70737184f633bb2dd5c0ee8e7c,1896,278.6226089,0.146952853,90,34,polygon
0x6d6d917dc9f49378fca0c925acf301ca7288af82,112,24.94248727,0.222700779,90,2,polygon
0xf66dde029eed3d4c46b505960f898106c89613e2,419,2.464003974,0.005880678,59,2,polygon
0x17fe5235fc33de6e3e79af5e86d869a81b0300a7,449,36.0000101,0.080178196,89,16,polygon
0x65b79d966232c89db98714b1c4865ab872673b05,23,1.180840694,0.0513409,4,3,polygon
0xb4bed02137f5918153c067563e364e308448ca0d,1995,2134.217493,1.069783204,90,75,polygon
0x92b3ea47894955e73d571f1f69ef7581f0b2f3b0,160,24,0.15,89,11,polygon
0x3e0b00f907b243c33966fffac0382bf3c8ae9548,1554,0,0,90,1,polygon
0xdc31571217412e47b46ad1d4b4f420540f70171e,1852,5.00002,0.002699795,90,19,polygon
0x2c379e696df01bdad6e23c033460b0572969d880,915,164.9902053,0.180317164,89,16,polygon
0x2dac0e6bcf0e7593e98950360f77ed49e5ef1290,1427,117.00001,0.081990196,90,21,polygon
0xb0205157e263a31771076a7572176df7177450e5,13,7.00E-18,1.00E-18,5,2,polygon
0xc1d9afdd6a30ea9fcdaa9ae2ec47b26e260a8aa5,531,25,0.047080979,90,8,polygon
0xa0efef022fd1eba054b6d1e699cd370440ad6eb5,7,0,0,74,1,polygon
0x2eb30d88c3cc2fb3a33c6f8cb7f809b1362a5a52,33,14.48660479,0.438988024,74,4,polygon
0x5f0c5b61182cf31eb4687781fec15dcd08b870d7,758,64,0.084432718,90,10,polygon
0x86647e8221ab8979e76decea64436134201b22b2,209,28.00001,0.13397134,88,21,polygon
0xf80e83245ebd3e882feda65a8f36e968ccf23318,1624,189.00005,0.116379341,90,28,polygon
0x0bb097f7f9031a6541de459efe02f3dbefc3d299,120947,19600,0.162054454,87,2,polygon
0xaebfa0ba5c7133b8adda9845fe2b0dd721fce3d8,1159,80,0.069025022,90,17,polygon
0x35ccef00e20bcd7f13912dc294953d0b06b91471,1054,44.0000101,0.04174574,90,18,polygon
0x8ed2bb0ec1dd5bb7b44510fd0f256f2a0322902f,983,6.500000201,0.006612411,90,22,polygon
0x33412fed6422240cd59503b4593be63163cc8af8,1542,15.000015,0.009727636,90,12,polygon
0x4b969635746035950aeb213d207efdbe32e37dae,672,288.9261499,0.429949628,90,16,polygon
0xf580dd3fa0bde836c3b7bd9c054a1bd74e5c7d29,65,4.0000001,0.061538463,48,13,polygon
0x317c179953a0423a81f19041678f4567d8925391,6,3.00E-18,1.00E-18,2,2,polygon
0xe2291f622f912ccf7f56e9ca73308ef4e89ab1ea,8186,12816.50004,1.565660889,90,25,polygon
0xbd10190fd8ff60c5d20fc1861f05131070f7706d,674,69.80234625,0.103564312,90,28,polygon
0x4106ba94af50b3dd3a0f8824bbe6c7c3b4fda819,993,120,0.120845921,42,2,polygon
0xa49bd07bab5e73ddd8473e029761b12fc3385926,122,4,0.032786885,85,11,polygon
0x53d3b4323282f6afb477a822465844784fdd0426,24529,2100,0.085612948,90,2,polygon
0x6db64fa41b77f1c8e0ebe8a1ff004cc11a711d24,120,99.2422486,0.827018738,83,9,polygon
0xe56b77073a4e27e2d73bd926cbb41a0f387f2bea,283,2.000020008,0.007067209,88,24,polygon
0x8b067261e93258171aab91a8d2b4adcab0a26a7f,1406,0,0,90,14,polygon
0xbb11d9f565b0e483fdc63145513dbd4133a63ecc,77,179.00002,2.324675584,77,14,polygon
0x1c88b12f4b958c5a4adfa2c6a6977a1f3e165a90,26,1.00E-18,0,87,3,polygon
0x6464765757d39f3623719440b44df932aada7226,403,158.00002,0.392059603,89,21,polygon
0x832e1d5100027875c639c4dace028779bd6d36c4,1784,163.9061056,0.09187562,90,45,polygon
0xffff7fca74b175cbe60f99e5bd0f01c4580d6040,5193,1.22E-13,2.40E-17,90,2,polygon
0x791cbb7f67a501082f11d7902b64c4dfdc5b8019,373,4.22786662,0.011334763,89,2,polygon
0x3520a2398302dd99a6d7c30df9595fb58636dfdf,6,0.015917301,0.002652883,55,2,polygon
0x25659646a1695ddcdd43dc4fa9412627d6160234,10,9.177239268,0.917723927,26,3,polygon
0xf9907f0b12f149586e327cf8eb67cbb960ee4846,71,7.10E-17,1.00E-18,82,1,polygon
0x2da04c16823c11f5f04027a296fa7eef4e0c1eb5,1214,140,0.115321252,89,200,polygon
0x860e318c7212cc58c3605099e5fba10f6434040d,826,64.23558971,0.077767058,90,15,polygon
0x7cdf5b402244c2db11733f197b666ed383de56c7,215,5.00E-18,0,76,11,polygon
0x999c87e8f3c5efe4d0de8da0872b743bbb4b715d,62,60,0.967741935,46,11,polygon
0x009e410da6ab089d72b13e98aefadb83e7d6ddbc,651,45.0001,0.069124578,89,17,polygon
0xd6568678aa7cc766997f1669c4f82a73e3542dd5,2667,399,0.149606299,90,2,polygon
0x4ed67d0d529e2c14a515d008c108e25ab7cfe0aa,992,75.0804,0.075685887,90,25,polygon
0xed68b5d4a4e67d542b0271daaa1808fc8e4b3b6f,741,0,0,89,12,polygon
0x44cebbf61a21a21f736c6ac07ea5da684039cbab,128,0,0,79,8,polygon
0xe7411031ca22db7e45961ba95e06489ece2db616,519,77.78378955,0.149872427,89,21,polygon
0x2969e5fd083b58672c6e4ed2500a8fb20e7ca967,1023,197.00004,0.192570909,90,21,polygon
0xc88e524996e151089c740f164270c13fe1056c17,12439,19.9202,0.001601431,42,8,polygon
0x13263f451eee0bdf2f97039ce6de6929e0a2be06,450,56.00005,0.124444556,90,18,polygon
0xf835724e9a7b67a51ba2af9814d3de0e6b502ab1,539,18.63614312,0.034575405,38,2,polygon
0x60eea381bb703ba2e443b77335b53b487e521a64,712,122,0.171348315,87,22,polygon
0x3a6a70ef53effb5b7bea792ccafea706f1785c1d,135,3.530000002,0.026148148,85,13,polygon
0xa0562f7b78bb520ac0d22d5a1e2054ecf794d133,149,1.413534704,0.00948681,84,2,polygon
0x8bd5d4c408d047f057454fc7b292cba61d2f0fc2,1266,637.9775032,0.503931677,89,38,polygon
0x5d7b509ec5d01e5d811a7e56d9f8e27478d2e043,12,11.88513835,0.990428196,18,3,polygon
0x16abb5780fce53d15d24e4974df78c3c42ee2f25,363,1799.863733,4.958302294,30,6,polygon
0x136916925e44aec9171252f4c17f9552620562ea,424,197.000053,0.464622767,90,15,polygon
0x688b6bf8a760481693a2ac7813fb3d334c4d0b7b,786,0,0,88,12,polygon
0xa7e4be49e400a07f6330ef465da5fed77b9b7284,354,165.7665243,0.468267018,90,20,polygon
0xc20898d31f2a8133c808d0b98d08cd81f4d403a9,3095,405.00003,0.130856229,90,6,polygon
0xcbb0cb4492afbcd9963441cc6aea50f35807ff96,2625,4753.73,1.810944762,90,3,polygon
0xefa30cf60b93fa73365e37fe315872cc0fceed15,532,16.0140866,0.030101667,38,2,polygon
0x66b6445650476efb9d376942191a69a35643e8ba,158,30,0.189873418,85,14,polygon
0xd3ebee3b98c29bdd15b5ade35c354cab9a826fd0,171,14.1791451,0.082918977,5,6,polygon
0xdeda889ce6783507838d89ed36a0cea0b6a53887,457,32.89864524,0.071988283,89,17,polygon
0xe4d599c890e3f74995b3bbbbca87e53a23a9f59e,486,82.00004,0.168724362,90,27,polygon
0x47d6e79dabdb1502a3529f808dfa4e75c2f3b5d1,6,158.9657048,26.49428413,42,1,polygon
0x089d39bdbbbd431c21416bdb32748a885b2f1e41,3095,2000,0.646203554,90,2,polygon
0xbb5d5a27f9a1af9f8953bf5262288ed7cdce52c0,316,88.10001,0.2787975,88,16,polygon
0x3f9689e402ee3154365f6a7cfcd1beb460361beb,133,8.796997854,0.066142841,88,31,polygon
0x8f5634c922d9811899cc585bb301a9ab6d8b5002,298,3.080041447,0.01033571,83,2,polygon
0x89a6b03b218705b8342287f7aa798b0baa1fd474,629,0,0,90,5,polygon
0x4e56a49a83d00c5086553d5425a84a78d896a997,547,16.67753824,0.030489101,38,2,polygon
0x76a70acb9ea73a43db42d523578a042d7f1d933f,1013,0,0,90,2,polygon
0x08800a43fb20ceb8d2f417d351d2e6e974160d9c,400,5.00002,0.01250005,87,18,polygon
0xc734190274885fe3375c5fb27b45955e990de086,413,89.00008,0.215496562,90,31,polygon
0x147cb64e2c1dfa3b0e8341a4e42034ed86920ff0,26,20.3,0.780769231,56,6,polygon
0xb190e7b405f5f99e6cb516aabafe6e7a55c2c73a,83,5,0.060240964,74,12,polygon
0xfa7e7107a6fa98d6ec6d1d0f5f705d2a49b84d5d,2220,1372.794926,0.618376093,90,14,polygon
0x105cd3d1546131a70093af5f1dee71e7d5eaf9a4,2210,0,0,90,1,polygon
0x6a1213901c7d440cb1f006e8a8435617bf38de8b,114,1.488582545,0.013057742,84,20,polygon
0x549cdc33ed57621a5abfc88296b53934b982c5e4,60,0,0,67,18,polygon
0x796b8fdbabd66ba31b6c80ec5473f67871d914a2,2699,375,0.138940348,90,4,polygon
0xa0023783a890a78a318fc9b59db69ebb2d315835,533,243.7019966,0.45722701,90,6,polygon
0x8fb1298f16f9d26a1c2d29e565a897371f90914b,9,0,0,50,5,polygon
0x8982ce2231e1cabd6c7f22146f50443c23691292,480,26,0.054166667,90,13,polygon
0x09a382ab459ebdb5a71fcad010614a8e8a84345c,261,811.70008,3.109961992,72,70,polygon
0x7522933cbd8695779cedf012ac35d34d17a79c75,40,0.6,0.015,84,2,polygon
0x5500aaa9130541e061fd21e39812f3e7ac64c959,30,0.6,0.02,68,2,polygon
0x6a709f4e421e19fb436e0f06feb219371d990c98,13,0,0,65,1,polygon
0x35e69db44795787f2f4965b0e337602d9278d912,107,5.00002,0.046729159,84,15,polygon
0x5cbe20eb685e46ea2a2688441b9256c724c3c0a5,833,110.0449668,0.132106803,90,28,polygon
0x554058293188e12d19e3c543b042b9af88523c49,40,0.6,0.015,80,3,polygon
0x9b69109eb6d7e4a103a3be5960824e8728b91488,43,0.6,0.013953488,88,2,polygon
0x1534175cd107749ba560dffceb6f844918db16a4,55,0.6,0.010909091,88,2,polygon
0xc432c46fd69db61679896c008498f06e1c3f1b77,211,28.00000001,0.132701422,90,19,polygon
0x0141db4344b43ad330ab6c918e6ff8ec7acf65e2,1634,235,0.143818849,90,10,polygon
0x99966573df0df420b1aeb6b5e0aa6018a80e665b,88,0,0,83,6,polygon
0x2a189915b2339aeaae4e3df581e4b9c7a40f7fcf,49,1.00E-07,2.04E-09,55,9,polygon
0xc6cdfc62b009ac0479cd25de2d329f6324517710,389,5.030884255,0.012932864,90,2,polygon
0x3ffc4a02dcd4e8d479b7a4b31f592aa10f9e06c4,555,312.00003,0.562162216,90,26,polygon
0x2ede307c086fd826a316fcfd074c31835697554b,422,104.2524972,0.247043832,89,9,polygon
0xaaa11d9fc0d5868dc91c24e95c1f4d705591e3bc,6669,565.3556436,0.084773676,90,7,polygon
0x98dbafbe42766eebcef779de2a108ad47c0f1e73,700,0,0,90,18,polygon
0x0043ff8355ad89ab938bd5d84bba942c61e02c5c,872,21.00003,0.024082603,90,13,polygon
0x772c7f89a1f925143700452c2cac13ca48519680,1286,34.9,0.027138414,89,6,polygon
0xb9fd38938e6f4adf8acdd3b28901c4401b2dbc02,389,17.25750208,0.044363759,90,207,polygon
0x2f4aa9e849aa266339aa7154aaae8f1a336f4d10,66,0.599029597,0.009076206,50,16,polygon
0x5c8efc37c8ecb5396e3ab807b1b68b30a44c8216,35,0.518472188,0.014813491,49,5,polygon
0xa750303bfe04fefc087548db71e35f21edf27ce1,776,47.0000902,0.060567127,90,16,polygon
0x9f745d9b99e0c675669bbc0720562c9cf9d3fd60,649,119.000188,0.183359304,90,18,polygon
0xa4cda43e1850874abc028ff07ab7aac55ce1c3f6,339,129230.6608,381.2113889,86,28,polygon
0x372bb4593b0a464e400eb9830bad7e7d828edf2e,30,0,0,83,4,polygon
0xf28abf02f05e872d2030058be0e342b7da510272,446,20.00001,0.044843072,90,9,polygon
0x21574c68a14f3dd3e254164c1ec70c32ef5d088b,2147,113.0000131,0.052631585,90,35,polygon
0x0fd9417ce295c5f845b963fc3b4533e5dc6989b3,1590,0,0,90,1,polygon
0x52902ee67f7dbcf94cc731e01c16bdce781b5245,37,7.690756666,0.207858288,21,6,polygon
0xa458363ec78472a1cd9636a09ce792672cb62eb2,352,61.42920167,0.174514777,86,24,polygon
0xef8edd27ef4ba07e3c2c2fa7e7bf285ef6447307,1576,86.628655,0.054967421,90,28,polygon
0x25dab24edf9c8fc7df62dd0a09c52704db4fd21d,752,3422.74,4.551515957,90,40,polygon
0x62b935c2b89c5636dbab3382dae51f23d3b05501,105,37.03123671,0.352678445,83,20,polygon
0x994e315f1757b8bada754c2f113f5dcdb3cd100b,223,100.4266999,0.450343946,59,17,polygon
0xe02e4c3d98b534fa8728e28f98aa25e48b8d8cb6,393,59,0.150127226,90,15,polygon
0x99da5f33dc3130ec8e57cbb6c6e079ccb261f70d,8,0.77160493,0.096450616,48,4,polygon
0x28f994aa6c2b1fd496ce76c70775b1ed3ca5bc15,3267,281.0000101,0.086011635,90,28,polygon
0x1d42036a0de2d0dea7848c2b15088e10437a7b48,621,109.9877394,0.177113912,89,52,polygon
0xce53f02f6f2778a30d06a068e93673b687086b24,363,1530.00001,4.214876061,88,49,polygon
0xd232256d7a43bf1442383c1682e2d2f67cd95ba4,319,78,0.244514107,89,11,polygon
0x24a42e06c0ea45feffb817ce9456f8c1dc92c1fe,31,7.00003,0.225807419,44,8,polygon
0xe19561f1306e16609db5dbb99db2fced46917a18,528,18.94282237,0.035876558,38,2,polygon
0xcfb34185f81fe2da68fa64331037fa18c4ccc2bf,201,273.386023,1.360129467,90,11,polygon
0xbf9712dfcf884e5dde961cfefa1421974878b49b,102,0.768292301,0.007532277,80,18,polygon
0x19bc92d7ae9cc3e91a2faf9d5a2ff09942eaa5f2,27,0.153973083,0.005702707,88,9,polygon
0x376f289d0b115af09d0309e613876f960ec0a15a,6,0,0,71,5,polygon
0x365eba429afe22b10a4754318a7b479585b1e966,54,20,0.37037037,84,6,polygon
0xdd42bf845309d57bcdff9bc308c9f0ca6ed50425,11,4.00E-18,0,29,5,polygon
0xd37667345828b620af7f096a2a7e3a52fa197e83,36,5.387195684,0.149644325,75,9,polygon
0x5e5d160a96f9600c40e9c9edc284d81436b4d9d5,129,298.3320545,2.312651585,46,15,polygon
0x3effa7eb19246add6770ec8a13c0223d3cf1485a,880,6.0000001,0.006818182,90,13,polygon
0xc84edf6297fc16533d2905ed8505887690ec37be,8,0.803728886,0.100466111,64,4,polygon
0x108d363f3bfa4894c43cdf7b6a81f7d9260df805,15,0,0,2,7,polygon
0xe909739e23e730f386cbbeba13e04a60bd63c937,1092,171.2331341,0.156806899,90,21,polygon
0x75f12a7427d883b64ce12f93d061e486a56e56f3,410,0,0,90,1,polygon
0x37533591d70c4688f54ec69f35076ee263e5fd48,6,3,0.5,8,2,polygon
0x878c32d9c429f5851eca7e4fdecb2329d489cd82,414,49.00003,0.11835756,90,20,polygon
0x75bae908c168a051c8434e8564405b733fa539b3,1054,60.00006,0.056926053,82,15,polygon
0x5085048f9dc7f7255821fbf3a2c25d071da91b2e,1212,68.00008,0.056105677,89,17,polygon
0x397fdcb0e4a585c9247864d628f9c4dd8864ffe6,554,0,0,20,1,polygon
0x9828f61fc911f16e64ca0d5f1d1396b110a1c571,11,0.0886221,0.008056555,6,2,polygon
0xb1d6d563e70d0fec86c02e4589262975ea69bbec,99,20,0.202020202,81,7,polygon
0x15c756bf11bb23e644b752d696aad56cf7a832a5,223,10,0.044843049,84,8,polygon
0x2767bd036966513d205fdf354484a6bfef7f42b0,1122,198.000115,0.176470691,90,18,polygon
0x9317d24742b22cfa63de7d9ad5a8c96f86f8c228,371,162.40002,0.437735903,88,13,polygon
0xfcc04bb05b6575d9cc14a03b216068fd2bf98bdc,531,17,0.032015066,90,17,polygon
0x80f6fb3cb1df60ac879cd56069b5bd49f3c6e69c,1762,93.83846707,0.053256792,90,24,polygon
0x378f050d19833af5472129056de718a9ceef27a3,75,9,0.12,78,9,polygon
0x3efcd78716c3f28e7afb2d1d981092177644929b,1610,260.0000202,0.161490696,90,21,polygon
0x25dea8087fed6466b06f7e3779a8bbc1ee9cfbc1,82,8.20E-17,1.00E-18,82,1,polygon
0x84c13228374f5967cefa706ec6a8d51758a88223,10,104.5057079,10.45057079,3,5,polygon
0xd47b912d480b94bb7123a113943cd43fcf8dea79,81,8.10E-17,1.00E-18,82,1,polygon
0xf57344cbd04067fc18febeb05efe56bfd92906bd,1505,0,0,90,1,polygon
0xdb6873414d40f926a61e5015938d886bd93dfbf8,18,3.00E-09,1.67E-10,82,2,polygon
0xf1f626a748b1754e496e1c19adaa1fb96d0a970b,52,1.00E-09,1.92E-11,68,6,polygon
0xad67bf8b1a6a7118dd1e68045ec7c303684c8362,203,0,0,88,9,polygon
0x7185f09699a1965d1b094c0e4b33f15feddd5b25,99,512.0940136,5.172666804,27,6,polygon
0x1448bf2d81c7e1828948db6d30f69dd45eb84170,1813,3.63E-15,2.00E-18,90,1,polygon
0xdf20e275f6d50f5cacd62820c7b2fec3cd28f5d9,573,0,0,19,1,polygon
0xda28bba54f8564c587f7815fb819fb901132258f,13,0.25342094,0.019493918,65,2,polygon
0x4b6bb69e7648e5bde8d0eb90cd26de8a909dada1,61,9,0.147540984,79,10,polygon
0x7f14db94b0f240cd38757c8ecb69d0085c26948e,521,13.00001,0.024952035,90,11,polygon
0x6620e9a3e30a343b92be331cf738d15ac1875171,187,20,0.106951872,87,10,polygon
0xa9e8cd460fd5bc7478b6a446b00d9026a4349b66,41,14,0.341463415,37,10,polygon
0x7566579ed1fe1209bdff7a93521507ad9dd06701,10,5.00E-18,1.00E-18,2,2,polygon
0x7554b1f01f2d2c78abb1686dc7fe8d31cfac51b5,650,153.50002,0.236153877,89,21,polygon
0x0cb5ce879c70a0a927137f2fb47655e0b9296bc1,106,106.5781527,1.005454271,90,53,polygon
0xa4add90a5596686a4485757884e4f7cf3d5c17f2,279,11.17761297,0.040063129,88,13,polygon
0xe51250112ddc136191c27885bbd9fcc6bc67cb7e,1162,33.00264198,0.028401585,90,19,polygon
0x89b97efe416466f19834ab61e0e046802bf9d410,2889,78335.87471,27.11522143,90,202,polygon
0x8f818b822855f8f1c6ae80cedc59213dc1299395,6,3.00E-18,1.00E-18,2,2,polygon
0xa29a07a5ca41a413068654ee81de696c3bcf9eb6,330,22.0000202,0.066666728,89,21,polygon
0xf4ea86a370fd4653177ab096625bbd1c91a648be,925,68.00003001,0.073513546,90,24,polygon
0xde6a646d9d0d9994426cdba93066640daeb1828e,6,1.9,0.316666667,77,4,polygon
0x760f41dc3f91fb25a6646f41b848af292d372b32,733,27.30087514,0.037245396,89,13,polygon
0x0261403bb9a5529934296a7ec79ca8f27f465b00,530,18.29277123,0.034514663,38,2,polygon
0xf08858655c123b7f3f0db91f339f78d39a1f8df6,289,9.248,0.032,76,1,polygon
0x5801356d55f18d68839f26fc2610891473bd9fa2,620,62.000046,0.100000074,88,17,polygon
0x5ba6db9ad78fcbcd4e8cb86735fd75485ccd662d,6,843.0331313,140.5055219,60,5,polygon
0x31f3b0081648f2b2243a62dc1f46669b8194f484,94,20.95437808,0.222918916,80,19,polygon
0xd0048b4600691d74899d038baa78dfbe21b4ef4b,206,0,0,86,9,polygon
0x9f8eba7d4645e94906de0e908bf3c47766d730e5,303,8.000010001,0.026402673,89,15,polygon
0xa5472aaa068de76626e49f4945e0ee1bc1b26ba6,6,10199.87155,1699.978591,36,4,polygon
0xcb0a7404e04627d83f2a278e3729859b701055d5,170,70.58420916,0.41520123,76,11,polygon
0x2266a7c35fb493f07e915c38de3a6b6771f23eec,207,15.00008,0.072464155,80,12,polygon
0x8f0f84accc38332b002b540489f5c6a9f1324099,304,20,0.065789474,89,11,polygon
0xf1cdfc9fe52461da175329c8ecf7882824893dde,141,17476.30634,123.945435,90,18,polygon
0xcad2ca40008b353010e174e42544e5a0106ee9d3,358,110,0.30726257,86,9,polygon
0x736790f8970c89852a34eef8bf7fd11dfef445b9,6,3.00E-18,1.00E-18,2,2,polygon
0xe9d4fa3c846755850643fd80b7b30ec9a0e6b866,539,82.0000102,0.1521336,89,20,polygon
0xd8550abc1536ac948936c698acb59b739bbaac53,755,23,0.030463576,90,15,polygon
0xae73dc85709a9fa9d5aaaf4459fab4c419133428,44,0.673332962,0.015303022,80,2,polygon
0xb9959c2ccda3f2abf2f73e6079de34c439f50512,366,19887.72581,54.33804865,88,7,polygon
0xc0f0707f5ff02d53a2c373526638f115925be11f,2453,2515.444399,1.025456339,89,13,polygon
0x110052ea69448d31cb58f3ad8208bbadb963608a,113,31.2040299,0.276141858,43,15,polygon
0xe74ee99d57a9c9dfff74607afbb69c8d33d87461,6,110,18.33333333,79,6,polygon
0x6aaac3d1edee1e14714de4116746fbfceb88786f,59,24.93189425,0.422574479,50,10,polygon
0x32a27b2e448ce5ad7ec451fd6dcebfa25b17b420,11,0,0,76,6,polygon
0x1779277c8ca95d6c728e1a25f8ae1bfe8a859464,182,84,0.461538462,89,27,polygon
0xc61d9dd09b07cfc47b51cf6fb5860bd88a0765fa,18,0,0,75,2,polygon
0x9b84d6afe5e43eb15b61c2e44cd7d92dbb6703ac,551,30,0.054446461,89,14,polygon
0x76077b6942880c6279e9c78990b5cb3e6f0610c7,1158,30,0.025906736,88,10,polygon
0xabd8065a6043d37ec43a92f3498021bae11b1a66,652,113.646,0.174303681,7,2,polygon
0xd78dca1866943584e16c4537445736d55fe8621a,2229,408.6770123,0.183345452,89,36,polygon
0x22e8bc467e57915c6ffc2ee990518a1471489b85,1083,99.0000501,0.091412789,90,19,polygon
0x7d2e7e74ecdf01de75f10936accd161fcf10fe37,443,40.10007,0.090519345,90,23,polygon
0x6ff27918460067022e1743cdfe7a24f064c3069c,742,14,0.018867925,90,14,polygon
0x6308b3f2ba39a7f949da9af82e37ec55b37edfac,1414,4.0000001,0.002828854,90,13,polygon
0xb2be53d986fcc860a7335d7948963ae5040ffe3b,783,156.00002,0.199233742,89,20,polygon
0x3700c08c59b221535b9dab219a53a168477124b4,11855,1228.852589,0.103656903,90,13,polygon
0x982c5b714c5a64eabca8ebff579844b4033bab50,35,2,0.057142857,44,9,polygon
0x9e99c5ed22cfd84013afa16a121403587d7b6b1f,164,23.30002,0.142073293,89,21,polygon
0x949284062366591d5e9e5afa469f97d448889237,566,158.0000301,0.279151997,90,15,polygon
0x6164193fa09a11c1ed55e50536330ae889ef39ac,1076,115.0000003,0.106877324,90,29,polygon
0x4337013ef5cd421cef649fc58c1b0defd37bbeb1,49039,332.5011055,0.00678034,90,6,polygon
0x860d2eb9406618a8c9d997c7f8220f9d4b6e3d2a,63,0.345677166,0.005486939,2,3,polygon
0xedd2dd8952b4d54f5aacbb4e494b413c5db74da4,585,363434.5298,621.2556066,90,446,polygon
0x8ab55aaa696c7df3a256d644ab6820abff62d510,422,1.734781441,0.004110856,59,3,polygon
0x0c563ffec5ded4b808438392d34ea118dd56ac79,755,124.8431165,0.165355121,89,15,polygon
0xc5dd1008d9ea227113287c589bc92a15d78ff983,29,96.3930816,3.323899366,35,2,polygon
0x0ceef27b4ec39f879889586a7d16f566a8059040,40,7.933303525,0.198332588,3,7,polygon
0x508a5c6d9f97386e74407e2a3dfd5a7bba1ff707,44844,1339.10887,0.029861495,90,4,polygon
0x541d150aa25c726671cf1049f97e315314b3e29b,615,0,0,90,11,polygon
0xec0315e288a081bdde55a07b7e6e8eb5929a90b6,203,17.84742286,0.087918339,83,6,polygon
0xb83d59573a68364fd3bfec119889dde6c85e9040,290,80.00006,0.275862276,89,11,polygon
0x577071e8cb406bb1643adde495ad04e926bbd35f,11311,5010,0.442931659,90,14,polygon
0x97ca0a37795ec4f1ac7c8fee5dcb0359b4e1303c,118,211091.1669,1788.908194,55,29,polygon
0x4a848740e0e65f7e21c2c0cf5481060d03e8b6a9,210067,0,0,90,2,polygon
0x1057008fecd735dc4a643db8071b0975a3f46204,372,83.18553923,0.223617041,89,15,polygon
0x19f3831b4dc00a9e767fe92de94af97e961dc658,24806,4135.8,0.166725792,84,3,polygon
0xb0080ed3dcb216a3da452dced08d7ca31b8a8e4a,1087,11.83833108,0.010890829,90,2,polygon
0x1664341707e2a5e302b421b9b4f6162ad65fc0fc,231,26.5,0.114718615,90,20,polygon
0x0d9fac9fa43b15e1b5ee24ef31d464e9e4a42f7a,2720,318.00005,0.116911783,90,18,polygon
0x7d31942d19ebc1afa1a5bf12e9699b3e736a57f6,5627,517014.5096,91.88102179,90,2612,polygon
0xfd0f72819edfd3f4b784ea8cc97077155c2d91c9,939,0,0,22,2,polygon
0xb5d19a1f92fcd5bfdd154d16793bb394f246cb36,7,0,0,88,5,polygon
0x7536ea77b7216dc1972d73074691802f9e9cf9d2,7,143.0060899,20.42944141,1,3,polygon
0x2cbb96d27da72694bbea877e335bba663b6afc3a,258,44.00003,0.170542752,88,13,polygon
0x6686285041e5abbd2db5d18c6d4289ecea7c8814,560,460,0.821428571,90,19,polygon
0x383795ec72fb6046d70b6dc18515843d30faff9f,197,0,0,48,7,polygon
0x0005879c8199c48253b0fa54189d410956ca194d,737,0,0,18,2,polygon
0xb0302c310e8e8fe2e60fedd7fd729b8cf73102cd,1577,156.8637024,0.099469691,90,22,polygon
0x3e4b1539f2ba22121849ba8eb5ddd67916758b10,44,2.25,0.051136364,90,2,polygon
0xe201a819ffd3ea70ca509b34503d0e89bf429d07,53,20100.00202,379.2453212,87,7,polygon
0x5fd876a9646a910babb38f1be84ebf3df49bc03d,217,35.11165232,0.161804849,83,4,polygon
0x2ad2f233075158c29e36a767b8520a96b34a504a,1787,330.000076,0.184667082,90,29,polygon
0x1361e24cc942dc5c09650c747f72c0cf1ecad7f7,378,134.5000501,0.355820238,90,21,polygon
0x01e916833cacb4ed0cc1d8e6d8db591952d05864,494,21.70000001,0.043927126,43,8,polygon
0x7d332464941fde4883fc88857dcfd54bef34b22c,1950,135.0000202,0.06923078,50,5,polygon
0x52da8d1bfc50bce0dcffc813a0b501d67d3ec523,442,2.265317612,0.005125153,60,3,polygon
0x2d9c597acb0def1b8bcc69aea10b2f06f8cbd04c,101,23.00009,0.227723663,90,7,polygon
0x7803a86baf40554863aef07b9e26cd449fc6e8d9,5366,3.00E-09,5.59E-13,90,9,polygon
0xc99376ae311063bd1aa7b27fecb89c65eacf1932,470,45,0.095744681,90,12,polygon
0xcb38d618bc24eb7220258cf3ac69a128e5237b00,9683,250,0.025818445,90,2,polygon
0xf33021cd208403d6145b6c512b80e390b511a735,1421,86.000062,0.060520804,90,18,polygon
0x113ed834c3c7787427e0f031520b7588c1de4986,508,54.00000003,0.106299213,89,15,polygon
0xcb9d6d19213783d9e424c5ebc0be819059964b55,9,0.3,0.033333333,14,2,polygon
0xeaf08c31f60300439cbc6e3280616dd5522ce38a,16,0,0,21,2,polygon
0xfcb632887de9b29d7ff3d392510fe2dc73b60c51,557,0,0,19,1,polygon
0xb835fe0d6d4975a93cc7bedf638bf8e8f18fa254,1404,0,0,90,2,polygon
0x79df2ad38248da40f151306f34a809c6f24486ac,1404,92.00002015,0.06552708,90,34,polygon
0x4470d67885ab91134699d93548ed4cf65a910b01,32,30,0.9375,90,3,polygon
0x8e61f355be0bacb28a5d96e97c17a157563fa54c,347,6.000010009,0.017291095,89,18,polygon
0xdcc1b0c89c2ff7b8d6a9eccd12a68a2a451cca98,398,8.00003,0.020100578,88,13,polygon
0x96323ddb88bb35a55742cb6cd9204050e693a0cd,114,23577.60003,206.8210529,90,16,polygon
0x22111a1e13f6d2eb3aa50c31b28ea6d525ef2eaf,154,10.00001,0.06493513,72,11,polygon
0x40ba16cae4ae4796e463ade259f7e3e203c5b3c4,9,7.035243669,0.781693741,24,2,polygon
0xf06a1c1551982a6fa78a7c8408084ea88a901106,1064,223.00005,0.209586513,90,20,polygon
0x5a3c1574d5c12d586b276998bfa79bf1180ff976,411,80.000055,0.194647336,88,14,polygon
0xe1fd5de39ca08c93c5096c0ae123495380d2743e,119,26.00002,0.218487563,80,9,polygon
0x53bdb70383a12489571933c763571d1dd2aa1792,925,1085.000001,1.172972974,89,90,polygon
0xb1844447025af6988c67cb5c21e82503b14a43d1,1974,0.5000502,0.000253318,90,18,polygon
0x386ef2412b101642a95d64302a839bd145149553,776,138.0000001,0.177835052,90,17,polygon
0x3d5b636b7321d6ef3b8a63ca41c41f5f68058932,90,8979.999942,99.77777713,84,6,polygon
0xa372e3ff596d7b12ad77a1580a0353ea90814248,1196,143.00007,0.119565276,90,16,polygon
0xf6f8f1e747e51fae0e7f271260d84a46311c9a42,176,2.25,0.012784091,88,15,polygon
0xdb12ba78587cc8e476e766cd2d55bb7ae2be80af,1154,120,0.103986135,90,20,polygon
0xf9226e098b311d895ee469f2172d9b0f54a93155,211,2.348577707,0.0111307,58,3,polygon
0x7c0e03acef5a457f4c7f3bc4e7443f4f393d64b2,41,10,0.243902439,78,9,polygon
0xc71b0cc071b4c4ef8f0dbaa0f9a3de45dfe271da,1461,179.00015,0.122518925,90,31,polygon
0xcef67734cc9fbd985028fc2ee9a63130d47e45a2,68,0,0,90,6,polygon
0xcd931a1c7abfc79afbd47e7a71e6da7f72c37379,126,1053197.005,8358.70639,90,17,polygon
0x6722b2c28d7d299b56a5febedbbe865a84ee0d7d,640,205.6646765,0.321351057,90,33,polygon
0x8d46e0ad12d36c82b0e8c3e4ceeb7134b7aeffac,113,0,0,84,10,polygon
0x1aeaab32c8e0836e2ebbd8c01db176a0c6ab147b,9000,400,0.044444444,85,6,polygon
0x420a8cf116d0cfd1e24e2b4f891a6646565a0a0a,8,4,0.5,29,4,polygon
0xa658bdf845c82064a3fd1d27ec3b13034a832a8b,604,38,0.062913907,88,10,polygon
0xc9c41b579670143d398feb211108116353b10e8a,29697,6600.0001,0.222244675,87,3,polygon
0xa1641109014cac3366f8560d6ea0ad6d464302f8,97,1.158023877,0.01193839,31,2,polygon
0x1d6662677e43c3fef74e30e18e16e29f51186773,217,73.08239174,0.336785215,87,25,polygon
0xa323bf90ef059ead4b6610f0202c12f92f6983fb,423,17.00005,0.040189243,79,17,polygon
0xf64aa4376151535fe3627c521227d001f337119c,415,3.041725034,0.007329458,90,12,polygon
0xe48c5ae545c54532a12978239b348ce89e32678d,1746,63,0.036082474,87,3,polygon
0xaf77b093054aebacc32451b752d3f0cc08a70161,3574,8,0.002238388,90,7,polygon
0xdac80c4cc8f7391543062cf4614cea7928b4ee4d,408,0,0,89,8,polygon
0x7961c9c974aa552bc4ec08c9cddc65bc6423e723,238,0,0,76,6,polygon
0x527a067528e4813a23b02be53694ff2578cab74f,766,310,0.404699739,90,7,polygon
0x26b3e95088b4c03213b1c3dbbbd836af61b20667,388,78.12622968,0.201356262,86,7,polygon
0x26a229b5123675422ad081316e931b5b5c92d0e4,6,3.00E-18,1.00E-18,2,2,polygon
0x77890fb2b13bf85e2cfc64adcdcc4058e52c9f48,373,76,0.203753351,36,5,polygon
0x18ba87bf92b69c5d91e30ef4ceca5a720b849b6a,198,25.00002,0.126262727,90,12,polygon
0xc1e6e845da0e9358b52b83b2177b7457d50a39fc,72,0,0,84,5,polygon
0x8264eb7c032d7378eb1b635d43c802dc2c3f517d,183,76.00005,0.41530082,87,13,polygon
0xb519021fdf88a8291bdd522b529cd0f16be0c23f,10,0.071477098,0.00714771,49,2,polygon
0x5fc09f436d10bef60517d1466933a357aff55c4c,882,10.49358186,0.011897485,87,2,polygon
0x51e2ee875209f528ac4724933283fe3b2c8ffc3c,17,6.000010004,0.352941765,55,9,polygon
0x608a1a1417705d11079ffc975028e4b84f9e35f5,94,9.65,0.102659574,14,25,polygon
0x974e3648cbed6a7c5d40f21b674b9a5f2bb5911b,653,262.3211471,0.401716917,89,41,polygon
0xb7d552815767498a4027f5a3bc84e18ca38d8858,368,48.00001,0.13043481,90,14,polygon
0xd01cd41f326eaf2f2e5bb7da6d2d81d12a7d54fa,2844,3400,1.195499297,80,2,polygon
0xa80919b2e35144871fd7b02304b546d40449ebf0,594,1211.017839,2.038750571,90,204,polygon
0x4d4b9790651216ce2e39452b8b1bb6bd5d7ad4df,844,85.00001001,0.100710912,89,19,polygon
0xe8922e207818f6bab581d2bdc04aafc9d842b1e6,563,0,0,19,1,polygon
0xc3a5c66a06d674c7589877367848d26592b9fdba,558,0,0,19,1,polygon
0xd9ca5173a3c88a1fffe5807c4837f7d966df868b,2286,150,0.065616798,90,22,polygon
0x6ea2fde45092b5bb034c733c6fe19cd3ed833a10,908,0,0,90,3,polygon
0x20a68d936d23fbc03a254946f3c0c2afca18a93a,1576,0,0,90,1,polygon
0x44675756d09b60b3d3c838a9568b186e23f1598a,499,42.0000501,0.084168437,89,17,polygon
0xfc94da340cb9480848d5c0b5ec1261137024117e,177,247.7767092,1.399868413,75,19,polygon
0xec095bb3c444af3b42fd2afa2041b4387fffdbf6,166,0,0,86,8,polygon
0xc2f75a3358461b5a43c72a273f32998faae014aa,9,217.6085125,24.17872361,1,8,polygon
0x0e00d004214ce3e66432525f97a5e680075de21c,16,0.73,0.045625,88,2,polygon
0x0275f6bb36553c3dff230db2f513a59da46a4357,262,3.201074667,0.012217842,88,2,polygon
0x6b77ad46dbe969e154323e1509c68437a3288e68,206,13.22210349,0.064184968,5,6,polygon
0x3323e49a097e4d7ec2dc553536ccda5fb23a174d,1284,115.669002,0.090084893,89,22,polygon
0xade20c9f818f91ad5e0013a85ce7fb6a6c6c95b1,288,32.0000101,0.111111146,89,19,polygon
0x5342dc047dd3331d7f2149115256b864c378acd9,1130,90.00001,0.079646027,90,16,polygon
0xb6e12cf6b8cdf73ce6f0a4e833291f5df3b8481e,40,0.6,0.015,88,2,polygon
0xf2b64830a88ecbff451a49d14725eed104470b37,18,0.6,0.033333333,70,2,polygon
0x2b703631b2b03fadf70f7fd4c894a13e4181de8e,133,29.00002,0.218045263,85,12,polygon
0x08c864b471508424fdb2a15ecd2d1f724fb6af39,28,0.6,0.021428571,83,2,polygon
0x521a174fd7d7f342c45fa29912e11f23675181c4,12,0.181471551,0.015122629,73,3,polygon
0x2df203f9b7aa50fb3eb94d31d5de9138b09361c8,433,35.80003,0.082679053,89,14,polygon
0x316b1af12e5f4f6e17e06e798bb271f816088d74,11,1.000000002,0.090909091,66,5,polygon
0x79291d1f959b5167c0902600f569dd586fce6737,62,1.228424712,0.019813302,86,6,polygon
0x0697ab2156ba1110c86d388bb1c3521af586749d,848,0,0,90,11,polygon
0xd500ee2f7ebb9c836b23e14558249f6f7753ab25,495,35.00003,0.070707131,88,26,polygon
0xfdc9d662343b87221d56abc2c4278ed9df95d51b,1082,125.0000651,0.115526862,90,32,polygon
0x7bc7a20050e41f04ba75403fd3cebb4aa7b70e6d,133,27.00002,0.203007669,86,11,polygon
0xc7dc622b8d434510b717c2d65c1ce7e91e6dbca5,329,330.1903647,1.00361813,81,76,polygon
0x43c5ff4d33d2b3ff0f5b7bce4de95b4f6e7e1228,8,0,0,64,1,polygon
0xffffa1049dba785fc8e7cd1e3a5fc86aee51abb5,5209,1.22E-13,2.30E-17,90,2,polygon
0x7a01438626c13370f611a11203cccd5eee592d65,538,0,0,30,4,polygon
0x9659b06e2f57de53602ed1f7328767db8ae031f3,119,40,0.336134454,80,11,polygon
0xd8bea53ad7f0ddf6065d387f1889e5e1ac674cb8,258,47,0.182170543,79,15,polygon
0x8e8eccf5243827f0bd4e52a839aae1afb876b5db,3138,8059.824615,2.568459087,85,9,polygon
0x8058dc1f975b63f76eeb27641e8d1c5a59e613d1,224,18.45887473,0.082405691,63,16,polygon
0xbdaa222161eff8b86175e48c313c9439b3b9b1c3,203,12.06404821,0.059428809,83,5,polygon
0xd7d007ef8bca7605951c7a94d8be3178d2795bdb,202,11.54457953,0.057151384,5,5,polygon
0xd59240ccfa7a207520119048208f6a0d4c9515d3,20,0,0,86,1,polygon
0xc93fd57843b23ce0874cafc849796a309fc25862,26,3.505696897,0.134834496,13,12,polygon
0x52322aa751770e6a5f57d7d1602ee4527a22bf6b,125,24.11871651,0.192949732,37,27,polygon
0x9b1a6824accd6a6b208b60c58da22a5106b01f64,1354,15.37815519,0.011357574,89,2,polygon
0x3303055368e53f356a2a66b47830c8923182ca4d,712,55.00002,0.077247219,89,20,polygon
0xbcaeb1591067d68cfb34db33ea5d7871218c0eb9,112,48.000028,0.428571679,88,19,polygon
0xf7cac4b326f5b96d13ce2a2cfcc60d1e5405224f,144,0,0,85,13,polygon
0x457398933d48cf325f289d50ef0e03cfbaf15c2a,234,57.4071501,0.245329701,83,11,polygon
0xbc1cc8577bc51ba599ae41c31e302046d17cf76c,60,0,0,79,6,polygon
0xde8054335e14c985d215f94d59c84f7027c3359a,176,6.000000001,0.034090909,88,15,polygon
0x28d4aa24d19921dbdfbe481dceacd54121f70845,348,32.000012,0.091954057,89,13,polygon
0xd9936e689081249bdb34f86f806de9d804017db0,7,0.482297994,0.068899713,28,3,polygon
0x06c8b7161767e5e9dfe02b9281bb2dd8779183dd,49,31.59650674,0.644826668,18,11,polygon
0x9961525870a9d18648b62c11f3938a5a2aec8986,518,20.54559599,0.039663313,90,27,polygon
0x29d9cfdaa261560d84bc57aefdd6ce70636df258,366,43.5000201,0.118852514,84,19,polygon
0x215691706c8a33042d5d0e7952efb28630190c1e,1045,172.00015,0.164593445,90,28,polygon
0x5883749d6c81ffd6afd4f099de0252fc78c80ad7,8,2.2,0.275,20,3,polygon
0xdaa46d68117e72c51bddccdffe6855763f96b19e,141,11.73029035,0.083193549,90,23,polygon
0x1e953edf5286ae2843cf27cbbacf9a87d603a7c3,289,60.00003,0.207612561,89,19,polygon
0xe37e8278f08a15f75fcc7e1c9aa809ca2905bc0e,1638,511.0000002,0.311965812,90,57,polygon
0xd78088cd5a52b8adc800d43a99883ff165b3b749,540,11384.07005,21.0816112,90,313,polygon
0x92a59e6e80dd15e7e1f5354567dc2f5dd6cfdf6b,391,96,0.245524297,88,16,polygon
0x7a29cfab3a5a34a69ee49e720ddd7e699465e8e0,2087,401,0.19214183,89,31,polygon
0x0720e2f795a9fc5a43167ca9d0e444edc727e7e7,2464,344.0742085,0.139640507,90,33,polygon
0x8136bded6c31e5791a972ae0b020f2e091ce32bd,25,13,0.52,70,10,polygon
0xb70071be362b3b1a76c49267416348969c1821e6,46,15330.9004,333.2804434,83,7,polygon
0xc3df975d6a946e71671c5fa0444a9ef365fb0c9c,32,0.334387313,0.010449604,84,4,polygon
0x3d05eb5a5b0c4d862df91e302028fd1641a5ceb2,1715,163.50006,0.095335312,90,34,polygon
0x3606ddb4b67e465e96a0785346d1a1d33be28387,99,1.881134914,0.019001363,36,2,polygon
0xea5ba74f632b55e81ca45dd57ee8f59c2acd8378,113,0,0,89,1,polygon
0x4261ea34a2515b31653b630fc2e422c402a742eb,1491,0,0,90,1,polygon
0x2d2e8f777061d2b5aad5922cf1d74944d1127bfe,80,85.63926193,1.070490774,65,40,polygon
0x17931cac1c4fb988a577ad68f8093e6b160d10ac,71,10,0.14084507,71,11,polygon
0x70825d5f9e8aa44e9d73ef739736ff82bae71df4,223,171.3596114,0.76842875,87,26,polygon
0xc87103def87e71e09c8bf28410727577ca026361,170,1589.658264,9.350930967,24,17,polygon
0xf3c483d08c095466fbe5703c0d62329612c570a2,2554,536.8929939,0.210216521,90,26,polygon
0x77fd720067d52e6d7c98748bee6844283b48c66c,1231,135,0.109666937,89,17,polygon
0xb74d68a9fad830a1f7621ae242cb873e3665b340,31,0.565551748,0.018243605,48,5,polygon
0x403b844c3aa7cfc0ce341365d143eaf6aa5d2a79,654,152.00003,0.232415948,84,18,polygon
0xb01568136a59c325655ba964cb406959ac30e573,1274,284.0084719,0.222926587,82,32,polygon
0xf655dd5ae19b6e0074a227f3a6e3153961a9eb29,54,66.7305283,1.235750524,73,18,polygon
0x90080b6d3acf694770653d6d5e9556320e10feb4,158,42.8000101,0.27088614,86,48,polygon
0x5d58e9fe2eb5d147c884f0ffbc22f3633c1513a9,82,8.20E-17,1.00E-18,82,1,polygon
0xedb4f708fb378fc6953e5ede2e9231dfa869c8ce,448,19.76779665,0.044124546,21,4,polygon
0x26d67ecbac133bdb84932caf32fd293327e1c6d2,10,1.4,0.14,17,5,polygon
0xae2fcb13707e0ae2c73d52f7d8b00a5241063a33,12,16.80316292,1.400263577,29,7,polygon
0xad6b9854ca41e1dc7345099ec2fc167e5fc115b4,15,0.779783833,0.051985589,30,5,polygon
0x12a934316b5bb62d30b9646e07702a85f88e7c66,293,115.00001,0.392491502,85,20,polygon
0xa46be6806b2437d46977b7b06bab71182a76b834,38,0.387088025,0.010186527,37,22,polygon
0xe8567afc55ffc09b3163e6434d90a3fb740e43fb,174,371,2.132183908,90,60,polygon
0x07dea29110d79f57e2d52aa46e7e3b4337806dcd,573,432164.465,754.213726,80,453,polygon
0xa21a24fcc501f2c7e701627324c2702933750852,1501,369.00003,0.245836129,90,16,polygon
0x84fc2a389d4fa861240d7a96890257caeb496c1c,1714,224.7163437,0.131106385,90,20,polygon
0xf1cd6ad1a79559d9d2b66b16e4a6691622ff83ed,97,57,0.587628866,87,8,polygon
0xa2a261b9ad45fe72f27cf571b021820bd19466cd,521,16.67579364,0.032007281,38,2,polygon
0xdda0cd211435bc6b3211f303787fc61b2221aff6,527,19.15029217,0.036338315,38,2,polygon
0xd92f53e2886e4ebecf5ce4ec40315c094a5c6a9d,11,193.8075249,17.6188659,74,8,polygon
0x16471f15212c7d4f0e5b3aff5a497d464c8e044f,1428,158,0.110644258,90,20,polygon
0xecfede153005acb0e2b83ffa6c4c49bde30558ef,110,0,0,87,8,polygon
0xccba47748401c6fb28817ec986b6a039134a28f5,369,5.00005,0.013550271,90,13,polygon
0x183bd63fb8a65728d15e5388a0cadcb124093084,535,15,0.028037383,87,12,polygon
0xae21b6dce33d3bff9c66aeb98560676af5bdcfaa,160,30.6168736,0.19135546,87,17,polygon
0x07fc5e709bd831d786decb7ab2f83f3629285e6c,33,0,0,78,5,polygon
0x793b638f81ee9b18e97f61667b93fd840f4fdeb0,33,8.5000201,0.257576367,88,11,polygon
0x3e4e3170f31453f3dfa361921295ee812b6ef83a,949,163.9510165,0.172761872,89,25,polygon
0x390be68b49f62bcf73b02299ffcdcc5d61bab283,289,4.587605858,0.015874069,42,17,polygon
0xdbef47e9af67f9b4b552aa60b717702d4e98e772,554,19.00429786,0.034303787,38,2,polygon
0xe18e054e69461b820af1fecbdca49ec38c4a9a02,206,1.868753308,0.009071618,49,3,polygon
0x9872f109a5f8379b14e4d7fe895dc7ec3c387299,21,7,0.333333333,40,12,polygon
0xd78a720d44d661128829816dbc43ebfe36506d60,241,89.2231,0.370220332,88,15,polygon
0x776486b406cb0b65a72295d3f86eae92e7b00682,118,40.00000001,0.338983051,74,14,polygon
0xcea90bedd36262394ebce26669787d57c76a035e,6,0.415961715,0.069326952,4,3,polygon
0x8a83ea7848cad232be43ce81216653fc387a4fe5,55,105.4991341,1.918166075,46,10,polygon
0x81d501658a4262e9729ccb574bf31146170e384f,439,25,0.056947608,89,13,polygon
0xc4e419047ca3b2654812bb374e0bb70d3c248ace,1496,0,0,90,1,polygon
0x9ad93b287358f03163ef4c1edef84ac724ffd2ae,334,0,0,89,6,polygon
0xb6644723751ab3b9864732a041d13c222101b1f0,47,4,0.085106383,78,16,polygon
0x6d043fcc062fbd2d5b8294dfac38f21996dc9b75,283,132,0.466431095,89,11,polygon
0x4292cce24ccb17cedfd5cc180142724b3ef27a70,4095,150.0000001,0.036630037,90,21,polygon
0x85df265f911cccb5c548a5b657a9f43b757a724b,278,7.0000101,0.025179892,86,15,polygon
0x1595e9f6c93ade9118bc6867eb874c247543208e,814,7.00002,0.008599533,90,13,polygon
0x729d18233d85fd8939a725d110b28bab7e15a5dc,1478,90.0000501,0.060893133,90,23,polygon
0x635f9a0c52f3b1e872e684f60c743e7b32e2d343,115,70,0.608695652,87,9,polygon
0x1f268c4a4a1716f115ab9a08df9834be16f12365,10,353.3688883,35.33688883,2,5,polygon
0x5d534eba089a4d012c3eb31f914bf97dcb35326c,701,334.2337976,0.476795717,85,28,polygon
0xbe507cd714a7f1f40edbb89f4599dff78cfbcf97,1437,142.715038,0.099314571,90,29,polygon
0x559274a5105d4feeb2e2077b755b022921ab52d6,109,4.67,0.042844037,46,4,polygon
0xfb891c77c25a434d6c870ee74c6aba6bfc2e9510,1787,117.614,0.065816452,53,6,polygon
0x1948a72336624cdb30de7a6ebcc67215c7cc6314,546,18.71956632,0.03428492,38,2,polygon
0xa9e8b7e7d7b7a21ec84fc16099189044ff9648d5,189,30,0.158730159,89,7,polygon
0x9b061dc3803910eda04933d2185ad3607bb97085,726,171,0.23553719,90,20,polygon
0xd211f33147c97634548eec867edfd76d9bee272b,1043,0,0,90,10,polygon
0xc706ccc45136820a72e5aa9659ad1a4bcc92cc86,1117,205.2,0.183706356,90,31,polygon
0x22d9c8c4631a059180f0ee470d16aa636670cef5,96,79714.55991,830.3599991,89,80,polygon
0x980b822e5ab19b3081d3b45033d11322ec4d000c,6,0.067629196,0.011271533,1,3,polygon
0xa03742f2f5b3acb7c0fe3874cc2b669797af513b,2989,62.72649505,0.02098578,90,3,polygon
0x7084892bceba589bd98624e31a50499c6b5a70b7,2178,413.0000006,0.189623508,90,38,polygon
0xec6805aa45cf7b53a71092f3e194a749d0445ccc,63,0,0,81,10,polygon
0xd78bd9acfeade6419e4d11a3a37caab05abfdad4,588,0,0,90,17,polygon
0x35f40443b7b6e2acaed50b7fd116a2e1cdb47f96,244,0,0,88,9,polygon
0x0cd3889154fc25e25281affce64a84c9ad4c7f99,260,10,0.038461538,86,11,polygon
0x074e49d1bdee7b6163f0726a24d8436668925b35,1671,43.67959072,0.026139791,90,23,polygon
0x6264384fc8f5287a7f4e349c9597698a6e104d02,577,7.76,0.013448873,88,3,polygon
0x961d1114634e43aed0f6dba7b9400393a34d34a3,53,5,0.094339623,67,8,polygon
0x1dae2515164cf1bd873d14219f59c97ab2911b32,59,45.00003,0.762712373,76,12,polygon
0x4883595d7939109037a206177353e10de104983d,227,2.000000008,0.008810573,87,16,polygon
0xd8ca980284eefe3a22dc909826b0b011458b05b6,541,50.00005,0.092421534,90,11,polygon
0x53b50d345859e80e48fd555307adaecd7605d7da,199,30,0.150753769,89,14,polygon
0x05c79163630014882c92666c1dc65e43f11843bc,207,24.00004,0.115942222,90,9,polygon
0x6363da08a019c924c56f470caa232a02d5fe29d4,227,140.0000503,0.61674031,88,18,polygon
0x43d705d4abfe613be4f79594ae7576215c045141,212,328.030044,1.547311528,89,11,polygon
0x2b9b76a56bad17587413516cc58b253ad8ebcc1b,519,40,0.077071291,87,12,polygon
0xa588c933f0dfa2f0a47d72cd5d15bdea5cff1db8,957,42.00011,0.043887262,89,21,polygon
0x1499cee3af296c17e81330c19014a8af651f2aef,1253,126.00003,0.100558683,90,29,polygon
0xa79601190203aa6fd0dc74a7cd1060d0eac22640,733,154.00003,0.210095539,38,10,polygon
0xac8918a0859027b6be682cbe5c20b5c680156897,246,0,0,90,7,polygon
0x302e92f314ace3ac9bb58194ee2745986acda15e,319,19,0.059561129,90,11,polygon
0xad4ebc0680e0716733592f6dbbb1dcee987880c6,271,72,0.265682657,89,12,polygon
0xfea0aafc1a25e23af23ddd5cc7f40fd88f2c6bb7,967,11.93594906,0.012343277,89,2,polygon
0xd85a02ce386623532a737d96d1272da2ac007f41,521,181.6750524,0.348704515,36,26,polygon
0x433702948d7be4201a2bcee6c349ad807c547a5d,48633,335.5672044,0.00689999,90,5,polygon
0x7cfc2afdfc166095002f95af9902a4d09531a4dd,33491,159951.66,4.775959512,90,2,polygon
0x764fd4f30bf1ad0a668355f1b5ad35f0305a1d43,138,837.6974937,6.070271693,88,9,polygon
0xe357ceebcd9b32b23c18bee444303ff222b6580d,107617,17300,0.160755271,90,2,polygon
0x0a57b88fe0579c99ef5abd4d9774ee7eb8763972,828,87.00001,0.105072476,90,12,polygon
0x70e134020bf7d656e700419de2091b01f8988518,116,0,0,3,1,polygon
0x0871284f791c1987bf6305d8b1f636885619e3dd,595,216.00001,0.363025227,89,33,polygon
0xbceb693b1d9e0d067a3e0caf1b78ebcca6ffbdce,7494,26.6737387,0.003559346,90,13,polygon
0xac379e80747413a889f35ff5834e64fd86e7a35b,811,245.0002151,0.302096443,90,20,polygon
0x1b2bcd880a91a0c23b4e04764a87bc7b18472359,227,46.24006191,0.203700713,87,16,polygon
0x1cd611404665687688573c7d22206d3bf6f24e6d,278,70,0.251798561,90,10,polygon
0xe65b4972fdb3d56744f993de33898d562798f311,240,89.72279755,0.37384499,73,22,polygon
0x4678917bcf84028a2ae997ef7ade4c90de9c52fc,307,40.44517923,0.131743255,86,5,polygon
0x504a9ba1ff8a103bcc76c1505cf03ff7685e6083,10,1.188954481,0.118895448,85,4,polygon
0x3301d0a579c044b0a7563efb6c7928f661df1e3e,458,0,0,90,4,polygon
0x5063e4289343d282beb52edfd6ac8ff3c52a7928,665,2.098408262,0.003155501,59,3,polygon
0xd62d64f755f6bba84e7ec0ea07f0c6b46c70cc8b,1215,229.04,0.188510288,90,25,polygon
0xc351ee078fd9a46093b379ac9d9ec9b6a74e338d,351,2.338102642,0.006661261,59,3,polygon
0x8408a4c70bad682e13d9e4434f406221a4efb6e7,32,2.283045293,0.071345165,9,2,polygon
0x83c81caa94bbd32548af13653dc8128e4822b2e8,769,0,0,90,9,polygon
0x062e41128b5b01dfbc8c2a08f32a769460837dcf,118,29.82843535,0.25278335,3,6,polygon
0xb21bb22025b14e235f398b0bd9a0dabb4c699e2c,22,2.00002,0.09091,63,6,polygon
0xc8c04a4717da77e8f10c08f88bd836dfa7be8fbd,16622,3550,0.213572374,90,7,polygon
0x3fcd89c14a06fb7c42854e94d696b4e1d45a20ed,3290,307450,93.44984803,90,30,polygon
0xe6683282232ce47cbd7f16a1a825f6903d3e01d4,36,0,0,55,1,polygon
0x45375441459ef2883885799be9b0bd1cc8f0ee21,5747,169.0000001,0.029406647,90,37,polygon
0xcd67a7c4ef65a122ef1503eb9264a7e305e1a8ec,316,1.00E-09,3.16E-12,89,11,polygon
0xaaa11eb658ea5422962df622eed599472e58a413,5019,452.400005,0.090137479,90,7,polygon
0xc7cda20ccf066085849f7476fc2d54809652a1cf,276,22,0.079710145,89,13,polygon
0x280b9d1dfdf8fdf4628b430c2485d22c2fa33888,3463,405.9773596,0.11723285,90,27,polygon
0xf6038ae555f8ee638d5588944c6ec2ffdb3f6569,426,21,0.049295775,89,14,polygon
0x091ed8cbbeaf45b991373d941bb4feafb6700017,75,2.468771512,0.032916953,1,2,polygon
0xf45890c13010bbec953507e4e7d9e245d45d97b7,173,0,0,21,1,polygon
0x4549ca9d47d7d3b53928755b6cf3f966c2c92154,472,28.00003001,0.059322097,90,18,polygon
0x5181a0fa7a5de182077068292b9a852b1009ddef,34,7.00007,0.205884412,86,13,polygon
0xcba1a7a1baf94552c4e3ffed8815331490005838,203,5,0.024630542,90,12,polygon
0x1275242235c7a58604c6797fd6b6866decd077ba,6,1,0.166666667,4,3,polygon
0x415772c897a118b078256c2f65fa6589d0591b7e,80,4.358408017,0.0544801,1,2,polygon
0x2b3006b3b8483477a1f044c64cfbd83a3ee2ab62,414,35,0.084541063,90,14,polygon
0x8c9c13ffeaf2f7331a540a8446141088ad1f2655,485,231.5,0.477319588,90,20,polygon
0x953409688d579bc18556a42f76231df19e655e06,1606,0,0,90,1,polygon
0x12828247a2f180c481ac9bd9f39f73587c5eb9af,221,30,0.135746606,87,7,polygon
0xea018442414f006611fc65b9e4fde2d578ffe4cc,139,1.00E-09,7.19E-12,85,9,polygon
0x694c453e4bc6805e2fcbe51150d5da705b1fb95c,126,6,0.047619048,89,15,polygon
0x7f6bbee5a670119d9e62989a6a2f1dfad6309a1e,98,33.14222709,0.338185991,3,6,polygon
0x2563900e8474669f17156fb467f1290273cb4cce,1684,361,0.214370546,90,28,polygon
0xf71214709848e4fce8347f46e9f4d60311cd31cf,2290,2,0.000873362,90,10,polygon
0x0ade5fefe8ca77cce596bebcbe2359bb891dfcee,546,0,0,90,6,polygon
0x9f930c9755c12cbdfc10e4aa0445a7071b89703c,162,20.0000001,0.123456791,89,14,polygon
0x9a60500721d57c21e67265a52fc14b512ccba9f5,754,2048.136214,2.716361027,83,16,polygon
0x90a72f7f524e6dbedb2bc1d9c65cc75f24ad0446,1321,29.2,0.022104466,89,6,polygon
0x09f1b7821564ff45bb868b4355ffb046320199f5,535,47.00000004,0.087850467,90,30,polygon
0x9da64df74565861708781b9ad2e559b7328b97c4,6947,29600.20002,4.260860806,90,34,polygon
0xde5c21e6d2e23eb7a5fb225aaf356d4ac8980783,1124,400.1224185,0.355980799,88,75,polygon
0xbfa2f68bf9ad60dc3cfb1cef04730eb7fa251424,2063,160,0.077556956,90,5,polygon
0xd616ab3f8717aeef00b2bd752d5ea945f49088fd,251,36.60002,0.145816813,89,14,polygon
0x1ffcd3a19afd26b633c14aa12abcf4d3eb4255fd,1127,61.4276192,0.05450543,48,15,polygon
0x1dd87a679d600dcd83e2a5b210701dca0f387b95,1194,13.63394895,0.011418718,90,2,polygon
0xf0610323142c73f5ff64c3534c9f2be68a33f66b,111,18,0.162162162,84,11,polygon
0x9f951cded70e4f047e3e1145591fc1d294e59fff,3772,0.05000001,1.33E-05,84,11,polygon
0xe3daa9606ab69ebc3c00c87670f9dc92f188d991,71,29,0.408450704,78,6,polygon
0x0cb431a4c8a58591c745b8f6d370989a46389243,473,5.49042058,0.011607655,87,2,polygon
0x265efeff1934507bfee2dc10384ba71171e1c58a,2488,30.000015,0.012057884,90,17,polygon
0xd7670e0033243fbd5fe0f553a840566faf9d516b,458,86.00008,0.1877731,87,25,polygon
0x5feae2a67a552eb2d01a20d0aa309dd95893e6b0,24,18733.63206,780.5680026,77,4,polygon
0x8d4a1f8d03612604a045cc3d1fb269a09f18698a,491,75,0.152749491,87,13,polygon
0xf252c468b47eb49d40382092cd4500bf794f46c0,51,0.575541025,0.011285118,77,11,polygon
0x7bf30a681f65bd5d04509a6e96715831bc28e526,920,152.00005,0.165217446,88,11,polygon
0xd08c1e8dab5e5a6a1edbce7a0930bcfb6cdc248a,130,4,0.030769231,72,12,polygon
0x59d0fd8de592a41fccc187f50ba1b105156bba83,132,10,0.075757576,87,14,polygon
0xffff7ef69717bdc2f07ab24709c6a9dc1a03e5a3,5249,1.24E-13,2.40E-17,90,2,polygon
0xb8e9e05551e2722d782b38c6b1bb0c46a9c3dedb,10,2.371558723,0.237155872,1,3,polygon
0x515cfcf7b1e64fcfb87558a9dec6746c31940150,2006,98830.31882,49.26735734,48,444,polygon
0x6f7cd31b5be7beef2448ca96e12c35e5c0f82005,239,54.00006,0.225941674,89,16,polygon
0xe7367631299d3c03ee4607c369b21cbfa7392047,8,385.1766263,48.14707829,4,5,polygon
0xc25d34ae55292bf30ad950a7bbceb8fa8b598367,253,15486.99178,61.21340623,90,22,polygon
0xae4c9360b4c1da19bcd8d02b401572bb369af988,67,17.8,0.265671642,78,11,polygon
0xb659a8e0e762736c932441d60e3458e3cba8e36d,320,70.00001001,0.218750031,90,14,polygon
0xe5afc1ab69d441805a7664a2f4ca03e66af9951e,149,0,0,84,10,polygon
0x5b74d4d99c1b4d1f2c277ad461f0f625d41cc52a,215,2.272806182,0.010571192,58,3,polygon
0xa0eb15d756895d28400a06ca051606237678e694,168,15,0.089285714,69,8,polygon
0x6bfaae53ed715154c5795a76e174677b4aa94de8,709,844.0983719,1.190547774,83,22,polygon
0x00fe82401f7c26fc8e9cf25c5c859ead99c127fc,29,21.7453984,0.749841324,80,4,polygon
0x241ae8e0016775ebf05a0d9db96b3440866b9f81,200,14.03784542,0.070189227,5,5,polygon
0xc882d036f23a1c92669d53e5a19ad2411e6f2d0d,9,0,0,57,1,polygon
0xd8e076b19caa149daa8bef9576eabacb7b4962b9,347,1,0.002881844,89,15,polygon
0xe4050aa0e2a2bbe4903a92cd7a111eddff9ae5a7,544,14,0.025735294,90,13,polygon
0x6621fe38a1ffc9829da502495632ebee96c626b2,407,35.0000201,0.085995135,89,15,polygon
0x34b01e78852104c999b3b0ebf5d5bb4ba4191766,6,0,0,17,1,polygon
0xafc62e22fdf348bbfa760011fa749af9652cbfc9,4036,40.76685322,0.010100806,90,2,polygon
0xaaa2222e08faf85f6c63d083e420a5fa9c924143,29800,1517.044435,0.050907531,90,8,polygon
0x87e33b280ca38ff1fbcd60c49f7423c584cd8c87,22,1.00E-09,4.55E-11,45,6,polygon
0x3d6a034112e947ec3eb889ea0ab307ac777a0327,85,0,0,90,5,polygon
0xd7236518c7bb7e277c18936a7e58a6d28a54b189,55,0.709799892,0.012905453,86,6,polygon
0xe0fef36fd9fee2d96224ee93795892833901db2f,80,62.11657881,0.776457235,76,11,polygon
0x430d587c97885db812eff7fa039c9825018f35b9,171,5,0.029239766,88,10,polygon
0x26091539acd067b41e2a246fe28e579708cf372c,3973,0,0,89,6,polygon
0xce4b3205347aacbcb0913da2878e9028abcad029,146,5,0.034246575,87,11,polygon
0x2c5bab2c52d9d14b088464ca0fe95f8b8a6ac722,231,20,0.086580087,89,10,polygon
0x6efd3ec9d4b96dbc32302cd2940eea858fe61108,689,146,0.211901306,89,8,polygon
0x7b60731dd1c4c7c40b61d59ae7ff66d205e0504d,37,3.5,0.094594595,76,12,polygon
0x4c5afc999534dfd400dddca0b00decd844ac40be,581,34,0.058519793,90,9,polygon
0x6dd66fa76ca4ad91a1b647df84c0ac831094053b,4537,1698.456758,0.37435679,90,1007,polygon
0x2e2ac09acfa128fb0f6be917e42d89e022d658b9,118,2.00002,0.016949322,87,11,polygon
0x72875b00e831ce9cf2b9525d060d775357874207,11,0,0,70,1,polygon
0xd5006a412a3fd98b17223edb19b5b39eb5d59d8e,24,1.00E-09,4.17E-11,84,4,polygon
0x8db977841dd65a043b2cc47dd016434fb71505e6,21,0,0,46,1,polygon
0x78efc17b2d414a7df42c816945aa4ea609fe92ec,987,211.50002,0.214285735,90,20,polygon
0xd729e1c5fc0b0578a1f1ca387862f3419b1f1fee,1167,57.07232469,0.048905163,90,5,polygon
0xb15ba4343ef5125229491bc4b02dea05449408fe,544,18.51243795,0.034030217,38,2,polygon
0xffff6720af70ac52efce4c09a74cb9bdb5472114,5047,1.18E-13,2.30E-17,90,2,polygon
0x3c1478cfc60229f09af8303a015fcd9a932a1574,50,1839.548606,36.79097212,48,3,polygon
0x8f66f3f48ccda1ed9ee3fd424207cd2e79bd6f90,12,26.07529947,2.172941623,24,9,polygon
0x67a1dca3d104240e6b8cfd6bac4cf76dcbe0ebf0,56,8.6,0.153571429,51,19,polygon
0xcc8b52eb808f01461785a84461829ed04de25353,18,0,0,71,7,polygon
0x625e13bb4384bba5605b1c154961e2b898d67eb0,16,26.79679042,1.674799401,1,2,polygon
0xc69fcb43d8318829d53efc3573b04d2d0c0e8e7b,7499,756.0000001,0.100813442,90,53,polygon
0xc85f6ad0323ea0b80cdd22704ed7cd8e60e804a9,10,7.543621963,0.754362196,12,3,polygon
0x6c6d61a4dfa02b2033fb1579fbfb9d26ee860da2,48,3,0.0625,79,11,polygon
0x22112c1d1a257e35a71a3ac8abf50a871dfcf4cc,174,1.852224096,0.010644966,89,2,polygon
0xed91da02064f507d19e62b1c5abcf9f2dd29877c,1615,0,0,90,1,polygon
0x37754cf6db6ead0b1fe5d72d5b1971bd94a90a89,1589,0,0,90,1,polygon
0x2afc0f90dac376445cd75f2dcf15d0696b6448fe,148,22.0000001,0.148648649,89,14,polygon
0x24e46ba2d91dfd218a5b4b8f1d95aa511794aca7,43,12,0.279069767,48,5,polygon
0x2c2686057414648ebb4b731577c76abdf8800a9e,447,2,0.004474273,88,10,polygon
0x8493f7b77af992fd7f177739877cd7473ee51065,9,0.021858996,0.002428777,77,2,polygon
0xccaec8f5f0ed0b18b595558dc21a7432e5011fb7,908,92,0.101321586,90,15,polygon
0x9431775aa101d439dc8804731714a2a48f828a01,1482,0,0,90,1,polygon
0x10e20c2a0c202c30fa18d62a14fba1a0355017c9,112,15,0.133928571,90,7,polygon
0x1d59a1212b32c4695b80545dc9ec5429b64c4359,38,1.000000001,0.02631579,77,10,polygon
0x30fea1237ee67c45a9e82b1a7206c52132295204,44,1,0.022727273,63,10,polygon
0xfffff552ff477a6881a7c3573d4fc8ca81f710af,5145,1.20E-13,2.30E-17,90,2,polygon
0x3a6252bc0f2903cf2e7f1f775ae462da4dca85a3,15,0.185086316,0.012339088,77,2,polygon
0xeadae75b0832aba0b8bfb2abc93d4c6e0f10b4ed,111,0,0,87,3,polygon
0x796412fcf79e0b0d1c61b44443c95c764c302d05,351,33.54210724,0.095561559,89,4,polygon
0xe7afb6f2977ffaff7e8581bae0a71d3c432a17bb,1737,122.80003,0.070696621,90,27,polygon
0x9b42e327e77e2ce0c5a0e312dc736480e171db8a,33,646.1426286,19.58007966,87,20,polygon
0xa0096e15b70969bef3b7ef51f32d9125fe74f91b,55,0.6,0.010909091,86,3,polygon
0xd6de6128ac8af1894e720072ec2913e0b5b628b8,220,39.11540034,0.177797274,83,5,polygon
0x10944dd641c41b1cd8fab6ce89100d8f378eb70d,307,102.0000501,0.33224772,89,19,polygon
0x50f1c9598f5308a4219003627c73bd0dca1a599c,27,0,0,89,1,polygon
0x19bb9eced6df2106d9043b5eda77606a0fa20d22,1544,60.00005,0.038860136,87,26,polygon
0x497c4e61c370472c074466a29b99c8c23e536b40,8133,3602.872688,0.442994306,87,5,polygon
0x42a7d3917bfc2e73e75c0daf8a94564e51438c17,162,11.5,0.070987654,89,9,polygon
0xc4fd5acef9b776b0645ed61d530732799523cbed,513,147.00008,0.286549864,90,27,polygon
0x9ca6a4b838d49ece9170c5692fa43b6ebe95ed73,1705,481.00008,0.282111484,87,35,polygon
0x2ae38e9f5c4347923aac866924e00a24b01ea7d6,413,135984.9921,329.261482,86,97,polygon
0xb6d9cf82e9cb62a146efc23492eb4f0291b1921b,10,1,0.1,3,8,polygon
0x5aaf4266f922625ff9f59968666037cd0b1c6b65,446,101.00004,0.226457489,90,20,polygon
0x7b5aea2da4ce88b5285a21d722aad3fa6c36e9d4,78,140.00002,1.794872051,78,11,polygon
0xb7cc7b5595de58a8b39ec9b3c162288205001837,70,37.89210418,0.541315774,75,12,polygon
0x518605bb5bbc2a478b28070a11d35fdc391f65a3,107,154,1.439252336,86,15,polygon
0x8aa232127aafa4a90fe6ccacb9d2e836e62dba25,43,0,0,87,6,polygon
0xca21eb0c0934c05670b28f9b2b0c0d59443b191c,22,1.10E-17,1.00E-18,77,4,polygon
0xb72b8a690c1d8c1de4f638e30a98b3cbc1cb4a40,499,60,0.120240481,89,13,polygon
0x4ad88777781c6dd2ae4fd90df686141e1578eafa,73,16.00000001,0.219178082,66,21,polygon
0x1fef6dbcc4153c92c5dc35d1d25e8690a3d7fc87,136,1.52365125,0.011203318,77,2,polygon
0xd9b5129c80724964eca053b98d038fc74f32d2d3,19,0,0,73,9,polygon
0x184fb7b64768c445431510f23d8511e95a2482eb,1572,0,0,90,1,polygon
0xdf41ed6155cea8eb9bde2130ae889eb5cd8f08e2,10,76.73915782,7.673915782,74,9,polygon
0x31d7b82c939d5ce2a07cea38f98deb8635c83194,39,1.470455473,0.037703986,2,3,polygon
0x32ae09727a7181c5c1d154b68fda600656f0147f,253,2237.900636,8.845457061,90,13,polygon
0xee8a09f8d9ea6e9d195484d5c711a1c89685bfd4,633,114.00004,0.18009485,90,45,polygon
0xa0a05bfc061008334bddb613672e6bb1d726e05a,117,10,0.085470085,83,11,polygon
0x65d249963ceaab3666946a677805adbdc8a04856,1882,290.0000001,0.154091392,90,67,polygon
0xe88805cd87818edeb96a977c225825ef3aad7768,107,1.00E-09,9.35E-12,79,8,polygon
0x32c492f242e004b056045b9c3a085e03df6fc903,991,73.153801,0.073818164,90,28,polygon
0x5827efe7276573cd80832e50a1cd1499bb25e881,652,114.00006,0.174846718,79,26,polygon
0x9c1f3abdf78323591b36c1000eb524a3846d9f34,754,213.000036,0.282493416,89,25,polygon
0x2a19013dd11abbd03a0e0a4c75d2296aed45aa98,601,102.00012,0.169717338,89,15,polygon
0x3f11d6c58c4a31eb46f904f24f8b77c1255baf52,228,20.00002,0.087719386,87,10,polygon
0x5edb39d69e5392dd598b2abe58ac1eb0f642eacb,18,0,0,74,5,polygon
0x98785dd3464dee0dace6384bd27a64fb55277b65,36,0,0,88,1,polygon
0x76a65ab7eda09d36071904af53c7136e83fc3a70,145,10,0.068965517,85,6,polygon
0x26656ea3e2b17cefa8ef04e3e4d38ac3e565b3d9,1707,206,0.120679555,90,10,polygon
0xe1b14f07841a5e71e2db063809d698d37fa180da,1274,291.3038746,0.228652963,86,39,polygon
0x3f449b506a810733694c8c96fc9850b8d3b120da,98,25,0.255102041,85,7,polygon
0xf08f990e0e8b801fac3a000d227d3d95a3895232,8,2,0.25,89,6,polygon
0x91ace38f549956647d8854e65c13590e3a36048b,548,18.27577769,0.033349959,38,2,polygon
0xae0784afc8f340d17971e3a04f99c395b24fdf49,2911,56.4,0.019374785,90,30,polygon
0x782eaa5bd012fcdbe7edd4edbd6bbc309f262c51,50,96.47631553,1.929526311,29,3,polygon
0xb722826c7423b6a3985b274e45e775bbe31a2899,374,62.00002,0.165775455,80,17,polygon
0xe453e665b96e1253ce23d2cb7b474681f669426f,391,54.0002,0.138107928,89,17,polygon
0x386c0b62e445882ffe6ae96cf8e6d1f32af05e1b,9,1,0.111111111,17,6,polygon
0xb395e7ecd595616e8cedd5a17df238e0213af74a,393,147.8493463,0.376206988,89,23,polygon
0x84493461b54fccc5242b892fcb8754d91f6e9298,196,0,0,88,8,polygon
0x5a36b2a39c80426df481d9d9b5dd02794f7cb6a5,12,2,0.166666667,35,5,polygon
0x31a74dcb6ef6e498a154f40f3a2cdc701931df6a,43,0.927885782,0.021578739,85,7,polygon
0x21bacbe16f62a461ede6f6b2fe73634aba8bdb9c,104,9.000000001,0.086538462,86,10,polygon
0x4cab741285de047d850833fccc099cbccae09cea,2008,196,0.097609562,90,14,polygon
0xc3b4b38fbf157f3fe0f6e20d67cf6bf4006c3065,146,1.783305138,0.012214419,83,2,polygon
0xda52b98e7cdbd9659264111935e82800928fd3e1,251,125.00002,0.498008048,86,22,polygon
0xbbb0c4dc17f7dadb41cd3887e758db622881d886,308,89.184617,0.289560445,80,27,polygon
0xee7acaf6689c778cdffa7f65d29f923f917c4055,283,0.134446385,0.000475076,66,17,polygon
0x797bfb8d4587f8071e4f4d2a16b1eede525aa82c,268,4,0.014925373,90,11,polygon
0xc52b0aa83b7c1703ee65decab210f862efcf80d6,1208,50.00000014,0.041390729,89,40,polygon
0xda550e06151ff7ce919dc8612bb21fbeb111c4e6,1511,0,0,90,1,polygon
0x6f1e48acb2e282f3a1824c03d0e2bb4f9d2b9ee1,187,77.04695789,0.412015818,79,15,polygon
0xeda9777e08541b976e8ec06e4808e69fd98354de,101,2.051526687,0.020312145,35,13,polygon
0x2e7b54daa40e25550655f691a31bc1938b633555,1336,0,0,90,2,polygon
0xc368ea5ffaba154750fbf6202dfe5b6831cf48bd,37,9.845196181,0.266086383,83,8,polygon
0x68a53d427573972359cb7fa6811000de93e5eb02,380,0,0,85,13,polygon
0x8ca8582fe13139ac934ceb509b7779eb9a574eee,1946,225.4323191,0.115843946,90,391,polygon
0xcb996b2de152678fdc06e7c62d8a86aa07450138,315,1.00E-09,3.17E-12,88,9,polygon
0x5e08d14b05fec6191eeb4b62b5edb55fab8e183d,9,0.295746411,0.032860712,23,3,polygon
0x9fd70712c2f8aa8ec942bd482287fc4002203baa,235,0,0,90,8,polygon
0x6c70848a58d8330479e9462ec8edc97e45b626e7,539,17.62476987,0.032699016,38,2,polygon
0xf9f8fa4b24bb465838d618b9fde14900a0b87c6c,77,0,0,83,5,polygon
0x14962730a7be5c8db844b593d9f245faf22c7df2,179,22.58436458,0.126169635,90,23,polygon
0x9877bf1c93016755d49d7eb401d4c6dbbd54effe,253,16.0616562,0.063484807,85,13,polygon
0x2a66ab526db0ceac08ba4a509809c76970600d2e,114,1085.093478,9.518363845,72,14,polygon
0x8fdf0e33291144108319d4905be15dc86a6092c5,7,0,0,63,1,polygon
0xc5c7a6dd96835415894c78f49ecc175186570cc3,100,0.615740884,0.006157409,87,3,polygon
0x987820af514620e19ce812237211ab8dd99f7463,45,0,0,84,5,polygon
0xcea64d77db4aec1593c41cfc6983cd7f98bc3222,392,18.42499007,0.047002526,38,2,polygon
0x7eaec6c6f476e5beb0d084505f2ee39916bbaaa6,2299,0,0,90,8,polygon
0x7af58fd0a6641d65382777182f5c9cc61f78f4db,88,3.1,0.035227273,61,9,polygon
0x8f1b4ca0476d80d1d86769b7deed716ea16463af,7,1.141737558,0.163105365,1,4,polygon
0x24d1d4567e3b8a2a9b1a70762b4084bf83fb4258,45,15,0.333333333,77,7,polygon
0xdefc52096c51d9f0fb6404002291335f73e21463,6,3.00E-18,1.00E-18,2,2,polygon
0x9085802386adf6cfb12dab73ed7eb52e5ce143de,6,3.00E-18,1.00E-18,2,2,polygon
0xe3fd3272e3e6b57036792ee6b93a366bf6218261,30,0,0,65,2,polygon
0x1b6822ac52e2636e0b61e71d3a342c62e5501065,77,33,0.428571429,85,11,polygon
0x3e603e929890397a3efae3dcdb60bffbff5e491c,41,12,0.292682927,48,10,polygon
0x1a9a73f8bb3d5978af9755aeb2d92554b813dfc1,432,53.00002,0.122685231,88,13,polygon
0xcca3d5d8e0b79106359f83667f036617c1c1f129,30,10,0.333333333,68,3,polygon
0xa84ac5ea976711d64807590351c549918c711b21,209,34.97167569,0.167328592,83,6,polygon
0x3672788e67a1ad906bd10b68dfe68925125bf373,1793,3.59E-15,2.00E-18,90,1,polygon
0xbf400940e55364625ad036c58026589fefbf2f0c,10,6,0.6,63,4,polygon
0xe197795f580e99e2bd96efc3673993df19268473,205,1.633844095,0.007969971,49,2,polygon
0xc526e14d11847832f844265a0776a7a9f37da7c8,550,18.80699995,0.034194545,38,2,polygon
0xdead6dc6a80641075696c7ca8b6118a7349fe1ad,537,18.62696259,0.034687081,38,2,polygon
0xd06bdf9aae52c260b9915ef910f827d8a498cff2,111,0,0,80,10,polygon
0xe86a224cd1d573bde64eda0542dab370d8196bfa,785,36.00005,0.045859936,89,11,polygon
0xc0b47dadacaef5b22597771ca158ba4b4b892de9,835,10.00001,0.01197606,89,16,polygon
